open,high,low,close,volume,datetime,symbol,date_only,close_yesterday,closed_up,gap_percent,max_up_percent,max_down_percent,max_up_percent_30,max_down_percent_30,max_up_percent_50,max_down_percent_50,max_up_percent_100
3.67,19.75,3.45,14.3,315842280,2021-02-04 06:00:00,AACG,2021-02-04,1.36,True,169.85294117647055,438.1471389645776,5.9945504087193395,True,False,True,False,True
3.75,15.97,3.6,5.2,111912807,2021-02-05 06:00:00,AAME,2021-02-05,2.39,True,56.90376569037657,325.8666666666667,3.999999999999998,True,False,True,False,True
4.06,4.75,3.19,3.59,53095657,2021-09-01 05:00:00,ABVC,2021-09-01,2.9,False,39.99999999999999,16.995073891625626,21.428571428571423,False,False,False,False,False
4.78,4.78,4.05,4.39,2667104,2021-01-25 06:00:00,ACER,2021-01-25,3.67,False,30.245231607629435,0.0,15.27196652719666,False,False,False,False,False
5.3,5.39,4.0,4.2,21978102,2021-03-15 05:00:00,ACER,2021-03-15,3.41,False,55.42521994134896,1.6981132075471672,24.52830188679245,False,False,False,False,False
11.62,12.5,7.96,8.43,27713744,2021-02-11 06:00:00,ACIU,2021-02-11,7.31,False,58.96032831737346,7.573149741824449,31.497418244406195,False,True,False,False,False
12.01,12.61,7.93,8.13,103089052,2021-08-31 05:00:00,ACIU,2021-08-31,6.99,False,71.81688125894134,4.995836802664443,33.97169025811824,False,True,False,False,False
7.16,7.18,5.5,6.12,36771603,2021-01-13 06:00:00,ACOR,2021-01-13,4.24,False,68.86792452830188,0.27932960893854153,23.18435754189944,False,False,False,False,False
5.28,6.36,4.42,4.73,50781037,2021-07-23 05:00:00,ACOR,2021-07-23,3.81,False,38.58267716535434,20.454545454545453,16.287878787878793,False,False,False,False,False
14.05,19.95,13.29,18.83,114362153,2021-01-19 06:00:00,ACRS,2021-01-19,5.88,True,138.94557823129256,41.99288256227757,5.409252669039157,True,False,False,False,False
4.5352,4.9584,3.7288,3.7744,12064925,2021-05-07 05:00:00,ACST,2021-05-07,3.24,False,39.97530864197529,9.331451755159652,17.780913741400592,False,False,False,False,False
2.33,2.34,1.71,1.79,207315030,2021-01-22 06:00:00,ADMP,2021-01-22,1.27,False,83.46456692913385,0.42918454935621403,26.609442060085843,False,False,False,False,False
7.93,8.1,7.9,8.07,32303148,2021-10-11 05:00:00,ADMS,2021-10-11,4.61,True,72.01735357917569,2.1437578814627987,0.3783102143757801,False,False,False,False,False
2.78,3.95,2.63,3.04,160437830,2021-08-25 05:00:00,ADTX,2021-08-25,1.98,True,40.404040404040394,42.086330935251816,5.395683453237408,True,False,False,False,False
16.614,18.87,12.51,12.94,4215092,2021-01-21 06:00:00,ADXN,2021-01-21,10.6251,False,56.36558714741509,13.578909353557242,24.70205850487541,False,False,False,False,False
0.6525,0.71,0.5742,0.582,138029620,2021-07-06 05:00:00,ADXS,2021-07-06,0.472,False,38.24152542372882,8.812260536398467,11.99999999999999,False,False,False,False,False
6.26,7.7,4.2,4.55,20263375,2021-06-09 05:00:00,AEHL,2021-06-09,3.99,False,56.89223057644109,23.003194888178918,32.9073482428115,False,True,False,False,False
4.93,6.75,4.23,6.39,139700310,2021-07-19 05:00:00,AEHR,2021-07-19,3.4,True,44.99999999999999,36.91683569979717,14.198782961460433,True,False,False,False,False
14.75,16.44,10.03,10.26,5676928,2021-03-05 06:00:00,AEI,2021-03-05,10.65,False,38.49765258215962,11.457627118644076,32.00000000000001,False,True,False,False,False
7.39,7.64,6.0,6.12,92303688,2021-06-21 05:00:00,AEI,2021-06-21,4.91,False,50.50916496945009,3.3829499323410017,18.809201623815966,False,False,False,False,False
10.6,12.49,8.71,10.79,253587270,2021-06-09 05:00:00,AEMD,2021-06-09,2.21,True,379.63800904977376,17.83018867924529,17.83018867924527,False,False,False,False,False
0.9904,1.19,0.886,1.0,150217480,2021-02-02 06:00:00,AEZS,2021-02-02,0.7,True,41.48571428571429,20.153473344103393,10.541195476575115,False,False,False,False,False
10.27,10.7,9.23,9.74,79786681,2021-04-09 05:00:00,AFMD,2021-04-09,7.89,False,30.164765525982258,4.186952288218109,10.126582278481004,False,False,False,False,False
96.24,101.0,91.28,99.59,44400866,2021-08-30 05:00:00,AFRM,2021-08-30,67.9,True,41.73784977908687,4.945968412302583,5.153782211138814,False,False,False,False,False
0.73955,0.81,0.4,0.55,9139929,2021-03-30 05:00:00,AGBAR,2021-03-30,0.31,False,138.56451612903228,9.526063146508013,45.91305523629234,False,True,False,False,False
0.55,0.55,0.381,0.5,2161210,2021-04-08 05:00:00,AGBAR,2021-04-08,0.37,False,48.64864864864866,0.0,30.727272727272734,False,True,False,False,False
7.1865,8.45,4.9,5.6,19867858,2021-07-09 05:00:00,AGRI,2021-07-09,4.61,False,55.88937093275486,17.581576567174558,31.816600570514147,False,True,False,False,False
28.3,28.3,24.0,25.2,2497736,2021-05-06 05:00:00,AHT,2021-05-06,2.86,False,889.5104895104896,0.0,15.194346289752652,False,False,False,False,False
1.45,1.75,1.0,1.04,188532910,2021-01-06 06:00:00,AIKI,2021-01-06,0.8525,False,70.08797653958943,20.689655172413797,31.034482758620687,False,True,False,False,False
31.79,43.32,30.83,35.21,39132115,2021-07-02 05:00:00,ALEC,2021-07-02,22.41,True,41.85631414547077,36.26926706511482,3.0198175526895277,True,False,False,False,False
5.22,5.6,3.4,3.61,41259232,2021-05-06 05:00:00,ALF,2021-05-06,3.58,False,45.810055865921775,7.279693486590036,34.865900383141756,False,True,False,False,False
4.88,4.91,3.86,4.57,23111316,2021-05-10 05:00:00,ALF,2021-05-10,3.7,False,31.891891891891884,0.6147540983606609,20.901639344262296,False,False,False,False,False
5.14,7.0,4.66,6.97,198807110,2021-06-15 05:00:00,ALF,2021-06-15,3.41,True,50.733137829912,36.18677042801557,9.338521400778202,True,False,False,False,False
2.07,2.78,1.83,2.03,71305536,2021-02-16 06:00:00,ALJJ,2021-02-16,1.33,False,55.639097744360875,34.29951690821256,11.594202898550716,True,False,False,False,False
1.41,1.45,1.22,1.3,39012908,2021-01-05 06:00:00,ALRN,2021-01-05,1.05,False,34.28571428571427,2.8368794326241162,13.475177304964534,False,False,False,False,False
4.77,5.47,3.15,3.21,14977579,2021-02-01 06:00:00,ALYA,2021-02-01,2.51,False,90.0398406374502,14.675052410901472,33.96226415094339,False,True,False,False,False
3.19,3.4,2.38,2.53,47970876,2021-03-24 05:00:00,ALYA,2021-03-24,2.36,False,35.16949152542373,6.583072100313479,25.391849529780565,False,False,False,False,False
8.14,8.28,5.63,5.73,28185390,2021-07-23 05:00:00,ALZN,2021-07-23,5.74,False,41.811846689895475,1.719901719901705,30.83538083538084,False,True,False,False,False
4.71,4.88,3.85,4.42,443238115,2021-01-25 06:00:00,AMC,2021-01-25,3.51,False,34.188034188034194,3.6093418259023338,18.259023354564754,False,False,False,False,False
20.34,20.36,11.01,19.9,1253253552,2021-01-27 06:00:00,AMC,2021-01-27,4.96,False,310.0806451612903,0.09832841691248562,45.87020648967552,False,True,False,False,False
14.31,16.0,11.6,13.26,602193320,2021-01-29 06:00:00,AMC,2021-01-29,8.63,False,65.81691772885283,11.809923130677843,18.937805730258567,False,False,False,False,False
4.18,4.5,2.96,3.2,42708238,2021-06-11 05:00:00,AMST,2021-06-11,2.77,False,50.902527075812266,7.655502392344505,29.18660287081339,False,False,False,False,False
7.12,11.0,6.86,8.8,63632957,2021-01-25 06:00:00,AMTX,2021-01-25,4.4,True,61.81818181818181,54.49438202247191,3.651685393258424,True,False,True,False,False
6.7079,6.85,5.42,5.84,8255454,2021-03-12 06:00:00,ANIX,2021-03-12,5.14,False,30.503891050583675,2.1183977101626326,19.199749549039197,False,False,False,False,False
9.98,12.09,7.52,8.61,43150567,2021-03-09 06:00:00,ANPC,2021-03-09,5.8,False,72.0689655172414,21.14228456913827,24.649298597194395,False,False,False,False,False
5.35,5.61,4.36,4.86,118147361,2021-08-06 05:00:00,ANY,2021-08-06,3.44,False,55.52325581395348,4.8598130841121625,18.50467289719625,False,False,False,False,False
4.59,4.94,3.5,4.02,19384181,2021-01-20 06:00:00,APM,2021-01-20,3.18,False,44.33962264150942,7.625272331154696,23.747276688453155,False,False,False,False,False
22.72,28.6,18.88,19.08,26531848,2021-03-25 05:00:00,APOP,2021-03-25,13.96,False,62.750716332378204,25.880281690140855,16.901408450704228,False,False,False,False,False
23.12,25.36,15.64,16.6,19711114,2021-06-17 05:00:00,APOP,2021-06-17,13.08,False,76.75840978593273,9.688581314878885,32.35294117647059,False,True,False,False,False
35.48,35.52,25.0,26.76,16146020,2021-09-03 05:00:00,APOP,2021-09-03,22.0,False,61.27272727272726,0.11273957158964559,29.53776775648252,False,False,False,False,False
26.66,29.8,21.01,21.37,7992167,2021-09-27 05:00:00,APOP,2021-09-27,18.96,False,40.611814345991554,11.777944486121532,21.192798199549884,False,False,False,False,False
35.69,37.1866,26.0,35.85,1211553,2021-02-01 06:00:00,APPH,2021-02-01,24.95,True,43.04609218436873,4.193331465396472,27.15046231437377,False,False,False,False,False
7.31,7.8,5.33,5.38,140052650,2021-06-16 05:00:00,APRE,2021-06-16,4.85,False,50.72164948453609,6.7031463748290046,27.08618331053351,False,False,False,False,False
5.29,7.2,5.15,6.1,180604940,2021-03-24 05:00:00,APTO,2021-03-24,3.67,True,44.141689373297005,36.10586011342155,2.646502835538746,True,False,False,False,False
3.4,4.29,3.11,3.37,92957481,2021-02-02 06:00:00,AREC,2021-02-02,2.51,False,35.4581673306773,26.1764705882353,8.529411764705884,False,False,False,False,False
6.6,7.25,5.63,6.0,57553068,2021-02-05 06:00:00,AREC,2021-02-05,4.68,False,41.02564102564103,9.848484848484853,14.696969696969694,False,False,False,False,False
2.36,3.32,2.23,2.79,245827700,2021-07-08 05:00:00,ARPO,2021-07-08,1.71,True,38.01169590643274,40.67796610169492,5.508474576271182,True,False,False,False,False
1.72,1.73,1.23,1.25,66883990,2021-02-02 06:00:00,ARTL,2021-02-02,1.04,False,65.38461538461539,0.5813953488372098,28.488372093023255,False,False,False,False,False
2.88,3.67,2.5,2.66,252772410,2021-02-12 06:00:00,ARTL,2021-02-12,1.63,False,76.68711656441718,27.430555555555557,13.19444444444444,False,False,False,False,False
6.47,6.75,5.06,5.25,52354350,2021-03-01 06:00:00,ASLN,2021-03-01,4.43,False,46.04966139954853,4.3276661514683195,21.79289026275116,False,False,False,False,False
5.36,5.8,4.64,4.72,12367180,2021-02-09 06:00:00,ASRT,2021-02-09,4.12,False,30.097087378640783,8.208955223880587,13.432835820895532,False,False,False,False,False
2.85,2.98,2.1,2.21,60511851,2021-04-07 05:00:00,ASTC,2021-04-07,2.18,False,30.73394495412844,4.561403508771926,26.31578947368421,False,False,False,False,False
15.0,16.89,13.54,16.29,37833381,2021-02-02 06:00:00,ASTR,2021-02-02,10.34,True,45.06769825918762,12.600000000000003,9.73333333333334,False,False,False,False,False
8.88,9.0,6.48,6.62,52160970,2021-08-30 05:00:00,ATER,2021-08-30,6.08,False,46.05263157894738,1.3513513513513424,27.027027027027028,False,False,False,False,False
2.06,2.75,1.86,2.14,253987070,2021-07-01 05:00:00,ATHE,2021-07-01,1.3,True,58.46153846153846,33.49514563106796,9.708737864077667,True,False,False,False,False
9.87,10.6,6.72,6.96,43699582,2021-03-26 05:00:00,ATNF,2021-03-26,5.87,False,68.14310051107323,7.396149949341444,31.914893617021274,False,True,False,False,False
5.07,5.75,4.445,4.55,217797200,2021-05-05 05:00:00,ATNX,2021-05-05,3.71,False,36.65768194070082,13.412228796844175,12.327416173570018,False,False,False,False,False
2.48,3.0,2.01,2.98,104058678,2021-01-25 06:00:00,ATOS,2021-01-25,1.87,True,32.62032085561496,20.967741935483872,18.951612903225815,False,False,False,False,False
4.43,4.9,4.0306,4.33,126378648,2021-02-04 06:00:00,ATOS,2021-02-04,3.25,False,36.3076923076923,10.609480812641099,9.015801354401805,False,False,False,False,False
21.6,47.82,18.72,24.9,47862505,2021-01-29 06:00:00,ATXS,2021-01-29,14.58,True,48.14814814814815,121.38888888888889,13.333333333333343,True,False,True,False,True
20.5,20.5,17.82,18.73,35795169,2021-01-25 06:00:00,AUPH,2021-01-25,14.86,False,37.95423956931359,0.0,13.073170731707316,False,False,False,False,False
9.0,35.78,8.2876,19.71,118339008,2021-02-09 06:00:00,AUVI,2021-02-09,5.18,True,73.74517374517374,297.55555555555554,7.915555555555563,True,False,True,False,True
12.0,12.15,9.6,10.6,15470456,2021-06-16 05:00:00,AUVI,2021-06-16,9.03,False,32.890365448504994,1.2500000000000029,20.000000000000004,False,False,False,False,False
1.84,1.89,1.41,1.47,133655120,2021-01-15 06:00:00,AVGR,2021-01-15,1.11,False,65.76576576576576,2.7173913043478164,23.36956521739131,False,False,False,False,False
2.38,2.67,2.07,2.1,122982086,2021-02-18 06:00:00,AVGR,2021-02-18,1.69,False,40.828402366863905,12.184873949579835,13.025210084033617,False,False,False,False,False
46.0,46.62,39.9201,42.01,15972120,2021-10-01 05:00:00,AVIR,2021-10-01,35.06,False,31.20365088419851,1.3478260869565162,13.217173913043483,False,False,False,False,False
19.94,28.7,13.8001,14.91,116590760,2021-02-04 06:00:00,AVXL,2021-02-04,10.38,False,92.10019267822736,43.93179538615846,30.791875626880646,True,True,False,False,False
5.97,9.4,4.43,4.56,214918050,2021-01-21 06:00:00,BBIG,2021-01-21,1.54,False,287.6623376623377,57.453936348408725,25.79564489112228,True,False,True,False,False
9.1,10.0,6.48,7.06,330669690,2021-08-30 05:00:00,BBIG,2021-08-30,5.3,False,71.69811320754717,9.890109890109894,28.791208791208785,False,False,False,False,False
6.61,9.0,5.66,6.18,146762750,2021-06-02 05:00:00,BCTX,2021-06-02,3.18,False,107.86163522012578,36.157337367624805,14.372163388804843,True,False,False,False,False
4.0,4.03,3.0,3.12,22010089,2021-02-10 06:00:00,BHTG,2021-02-10,2.59,False,54.440154440154444,0.7500000000000062,25.0,False,False,False,False,False
0.762,0.763,0.6667,0.6991,24152468,2021-05-14 05:00:00,BIOL,2021-05-14,0.58,False,31.379310344827598,0.13123359580052504,12.506561679790032,False,False,False,False,False
0.92,0.9394,0.76,0.7899,118165127,2021-08-13 05:00:00,BIOL,2021-08-13,0.6316,False,45.661811272957564,2.10869565217391,17.39130434782609,False,False,False,False,False
4.87,8.54,4.23,4.3,132226918,2021-06-30 05:00:00,BLIN,2021-06-30,3.39,False,43.65781710914454,75.35934291581107,13.14168377823408,True,False,True,False,False
6.14,6.78,4.73,5.75,80325699,2021-07-01 05:00:00,BLIN,2021-07-01,4.3,False,42.79069767441861,10.423452768729652,22.964169381107478,False,False,False,False,False
13.95,14.38,11.52,12.23,98934279,2021-07-06 05:00:00,BLIN,2021-07-06,8.97,False,55.518394648829414,3.082437275985674,17.419354838709676,False,False,False,False,False
8.56,9.99,6.6359,7.26,52666244,2021-07-13 05:00:00,BLIN,2021-07-13,6.01,False,42.42928452579036,16.70560747663551,22.477803738317757,False,False,False,False,False
4.89,6.34,4.38,4.88,244201720,2021-05-04 05:00:00,BLRX,2021-05-04,3.19,False,53.29153605015673,29.652351738241318,10.429447852760733,False,False,False,False,False
6.26,6.6,5.54,6.21,95297463,2021-10-01 05:00:00,BMRA,2021-10-01,4.5,False,39.11111111111111,5.431309904153353,11.501597444089454,False,False,False,False,False
6.9,10.49,5.29,9.26,124594723,2021-03-23 05:00:00,BNTC,2021-03-23,3.19,True,116.30094043887149,52.028985507246375,23.333333333333336,True,False,True,False,False
15.87,24.34,11.29,11.77,95482784,2021-02-10 06:00:00,BPTH,2021-02-10,5.2,False,205.19230769230765,53.37114051669818,28.85948330182735,True,False,True,False,False
9.73,10.17,7.26,7.63,21683813,2021-04-05 05:00:00,BPTH,2021-04-05,7.15,False,36.08391608391608,4.522096608427538,25.385405960945533,False,False,False,False,False
8.09,8.6199,6.2901,6.54,66273794,2021-08-24 05:00:00,BPTH,2021-08-24,5.69,False,42.179261862917386,6.550061804697152,22.248454882571078,False,False,False,False,False
1.395,1.6,1.21,1.45,227587410,2021-06-30 05:00:00,BRQS,2021-06-30,0.9951,True,40.18691588785047,14.695340501792119,13.261648745519718,False,False,False,False,False
2.63,8.8,2.61,3.19,112926799,2021-02-05 06:00:00,BSQR,2021-02-05,1.9,True,38.42105263157895,234.6007604562738,0.7604562737642593,True,False,True,False,True
4.26,7.24,4.05,5.69,55684455,2021-02-08 06:00:00,BSQR,2021-02-08,3.19,True,33.5423197492163,69.95305164319251,4.929577464788732,True,False,True,False,False
4.16,8.2,3.88,8.04,240691000,2021-06-29 05:00:00,BSQR,2021-06-29,2.62,True,58.77862595419847,97.11538461538458,6.730769230769236,True,False,True,False,False
8.35,8.53,5.8,6.07,44567763,2021-04-06 05:00:00,BTX,2021-04-06,4.67,False,78.80085653104925,2.1556886227544876,30.53892215568862,False,True,False,False,False
71.0,80.67,57.6301,78.5,31992978,2021-05-03 05:00:00,BTX,2021-05-03,49.8,True,42.570281124498,13.619718309859158,18.830845070422537,False,False,False,False,False
218.9,221.0,183.6,186.83,33562126,2021-01-26 06:00:00,BYND,2021-01-26,158.73,False,37.90713790713792,0.9593421653723135,16.12608497030608,False,False,False,False,False
28.1,30.0,20.57,26.58,83215094,2021-08-04 05:00:00,BYSI,2021-08-04,9.63,False,191.7964693665628,6.761565836298927,26.797153024911033,False,False,False,False,False
17.43,38.87,16.61,21.89,95401071,2021-07-08 05:00:00,CARV,2021-07-08,10.58,True,64.74480151228734,123.00631095811819,4.70453241537579,True,False,True,False,True
34.38,42.5,24.0,26.5,64622237,2021-07-09 05:00:00,CARV,2021-07-09,21.89,False,57.058017359524904,23.61838278068644,30.191972076788836,False,True,False,False,False
8.77,8.8,7.31,7.72,39277187,2021-01-07 06:00:00,CBAT,2021-01-07,6.4,False,37.031249999999986,0.3420752565564554,16.647662485746864,False,False,False,False,False
36.98,40.9,29.07,38.41,145618100,2021-10-08 05:00:00,CCXI,2021-10-08,19.6,True,88.67346938775508,10.60032449972959,21.389940508382903,False,False,False,False,False
2.8,3.1,2.17,2.23,60545215,2021-02-18 06:00:00,CEI,2021-02-18,2.03,False,37.931034482758626,10.714285714285726,22.499999999999996,False,False,False,False,False
1.23,1.88,1.2,1.78,961168811,2021-10-07 05:00:00,CEI,2021-10-07,0.9085,True,35.38800220143093,52.845528455284544,2.4390243902439046,True,False,True,False,False
2.32,2.45,1.55,1.71,967741357,2021-10-08 05:00:00,CEI,2021-10-08,1.78,False,30.33707865168538,5.603448275862084,33.18965517241379,False,True,False,False,False
22.08,24.25,19.04,21.6,15856991,2021-04-09 05:00:00,CELC,2021-04-09,14.31,False,54.29769392033541,9.827898550724646,13.768115942028981,False,False,False,False,False
5.52,6.25,5.02,5.64,264914240,2021-04-05 05:00:00,CEMI,2021-04-05,3.52,True,56.8181818181818,13.224637681159429,9.057971014492754,False,False,False,False,False
4.01,6.95,3.83,5.34,396463230,2021-07-21 05:00:00,CEMI,2021-07-21,2.06,True,94.66019417475727,73.31670822942645,4.488778054862836,True,False,True,False,False
20.16,31.09,19.05,29.69,85962447,2021-06-29 05:00:00,CERE,2021-06-29,12.57,True,60.381861575178995,54.21626984126984,5.505952380952378,True,False,True,False,False
3.12,4.2,2.33,2.56,142620190,2021-03-10 06:00:00,CETX,2021-03-10,1.67,False,86.82634730538925,34.61538461538461,25.32051282051282,True,False,False,False,False
2.0,2.5594,1.88,1.96,148879890,2021-07-12 05:00:00,CETX,2021-07-12,1.49,False,34.22818791946309,27.970000000000006,6.000000000000005,False,False,False,False,False
13.44,15.72,7.83,8.38,33920149,2021-02-09 06:00:00,CHCI,2021-02-09,4.22,False,218.48341232227486,16.964285714285722,41.74107142857143,False,True,False,False,False
2.4,2.93,1.67,1.73,279399380,2021-01-05 06:00:00,CHEK,2021-01-05,1.45,False,65.51724137931035,22.083333333333346,30.416666666666668,False,True,False,False,False
4.05,4.49,3.02,3.07,420805020,2021-03-15 05:00:00,CHEK,2021-03-15,1.53,False,164.70588235294113,10.864197530864208,25.432098765432098,False,False,False,False,False
24.04,24.21,23.51,23.72,86728082,2021-01-06 06:00:00,CHNG,2021-01-06,18.24,False,31.798245614035096,0.707154742096513,2.204658901830273,False,False,False,False,False
2.26,3.09,2.18,2.33,23674990,2021-01-19 06:00:00,CHNR,2021-01-19,1.71,True,32.16374269005847,36.72566371681416,3.5398230088495413,True,False,False,False,False
3.74,3.7599,3.1,3.17,25971948,2021-06-09 05:00:00,CKPT,2021-06-09,2.66,False,40.6015037593985,0.532085561497321,17.112299465240646,False,False,False,False,False
3.54,4.89,2.79,2.89,127789824,2021-01-20 06:00:00,CLBS,2021-01-20,1.63,False,117.17791411042946,38.135593220338976,21.1864406779661,True,False,False,False,False
42.76,45.39,38.27,40.67,6574623,2021-07-12 05:00:00,CLDX,2021-07-12,32.41,False,31.93458809009566,6.150608044901783,10.500467726847509,False,False,False,False,False
9.14,9.82,5.65,6.33,100290859,2021-02-12 06:00:00,CLEU,2021-02-12,4.05,False,125.67901234567903,7.439824945295401,38.183807439824946,False,True,False,False,False
4.81,4.85,2.91,3.07,24870892,2021-09-09 05:00:00,CLEU,2021-09-09,3.62,False,32.87292817679556,0.8316008316008324,39.50103950103949,False,True,False,False,False
2.6371,2.64,1.9601,2.13,2871197,2021-09-30 05:00:00,CLEU,2021-09-30,1.9,False,38.79473684210529,0.10996928444123857,25.672139850593464,False,False,False,False,False
13.805,14.5,11.15,13.02,157154760,2021-06-09 05:00:00,CLNE,2021-06-09,9.9,False,39.444444444444436,5.0344078232524465,19.232162260050703,False,False,False,False,False
17.0235,17.82,12.5,13.58,7895833,2021-07-13 05:00:00,CLNN,2021-07-13,13.04,False,30.548312883435578,4.678826328310875,26.572091520545122,False,False,False,False,False
16.635,24.93,16.32,22.15,735483660,2021-06-08 05:00:00,CLOV,2021-06-08,11.92,True,39.55536912751679,49.864743011722254,1.893597835888195,True,False,False,False,False
4.62,5.19,3.62,3.74,11356491,2021-01-22 06:00:00,CLPS,2021-01-22,3.49,False,32.378223495702,12.337662337662344,21.645021645021643,False,False,False,False,False
13.32,19.78,10.5,10.84,127547292,2021-02-17 06:00:00,CLPS,2021-02-17,4.9,False,171.83673469387753,48.498498498498506,21.17117117117117,True,False,False,False,False
3.999,4.7996,3.6167,4.16,90997281,2021-06-15 05:00:00,CLSD,2021-06-15,3.02,True,32.41721854304636,20.020005001250304,9.559889972493131,False,False,False,False,False
2.41,2.8,1.62,1.74,165795800,2021-01-21 06:00:00,CLSN,2021-01-21,1.275,False,89.01960784313728,16.182572614107873,32.780082987551864,False,True,False,False,False
3.02,3.48,2.25,2.29,100958049,2021-02-11 06:00:00,CLSN,2021-02-11,1.95,False,54.871794871794876,15.2317880794702,25.496688741721854,False,False,False,False,False
3.16,3.25,2.63,2.81,340448310,2021-02-22 06:00:00,CLSN,2021-02-22,1.9,False,66.31578947368423,2.84810126582278,16.772151898734187,False,False,False,False,False
6.5535,9.36,6.55,8.42,20386086,2021-01-08 06:00:00,CMRX,2021-01-08,4.98,True,31.596385542168655,42.824444953078505,0.05340657663843498,True,False,False,False,False
2.69,4.75,2.63,3.09,202776250,2021-01-08 06:00:00,CNET,2021-01-08,1.865,True,44.23592493297587,76.57992565055763,2.2304832713754665,True,False,True,False,False
3.03,3.29,2.5,2.62,22837379,2021-01-14 06:00:00,CNET,2021-01-14,2.24,False,35.26785714285712,8.580858085808588,17.491749174917487,False,False,False,False,False
4.59,6.19,4.14,6.19,53361770,2021-02-17 06:00:00,CNET,2021-02-17,3.47,True,32.27665706051872,34.858387799564284,9.803921568627455,True,False,False,False,False
2.68,2.68,1.94,2.13,17121634,2021-06-29 05:00:00,CNSP,2021-06-29,2.01,False,33.33333333333336,0.0,27.61194029850747,False,False,False,False,False
1.65,3.46,1.53,2.14,635408200,2021-05-04 05:00:00,COCP,2021-05-04,1.24,True,33.06451612903225,109.6969696969697,7.272727272727266,True,False,True,False,True
198.65,213.05,194.07,197.01,5019834,2021-01-19 06:00:00,COHR,2021-01-19,151.95,False,30.733794011187904,7.248930279385856,2.3055625471935626,False,False,False,False,False
60.0943,78.0,48.3,59.9,6530953,2021-07-01 05:00:00,CPOP,2021-07-01,30.3,False,98.33102310231023,29.79600394712977,19.62632063273888,False,False,False,False,False
1.91,2.15,1.66,1.93,31277820,2021-05-24 05:00:00,CREX,2021-05-24,1.31,True,45.80152671755724,12.565445026178011,13.089005235602095,False,False,False,False,False
3.79,5.8,3.57,5.32,252822100,2021-09-17 05:00:00,CRVS,2021-09-17,2.26,True,67.6991150442478,53.03430079155672,5.804749340369399,True,False,True,False,False
29.3,31.24,9.43,9.5,12956863,2021-08-26 05:00:00,CRXT,2021-08-26,10.45,False,180.38277511961726,6.621160409556306,67.81569965870307,False,True,False,True,False
2.36,2.67,1.73,1.82,226659520,2021-03-30 05:00:00,CSCW,2021-03-30,1.34,False,76.11940298507461,13.135593220338986,26.694915254237284,False,False,False,False,False
4.13,5.0,2.88,2.94,181796130,2021-02-23 06:00:00,CTIB,2021-02-23,2.37,False,74.26160337552741,21.06537530266344,30.26634382566586,False,True,False,False,False
6.983,9.0,5.005,6.1,64933580,2021-01-28 06:00:00,CTRM,2021-01-28,5.315,False,31.38287864534335,28.884433624516692,28.325934412143777,False,False,False,False,False
15.9,19.5,14.0,17.3,60500664,2021-02-11 06:00:00,CTRM,2021-02-11,11.9,True,33.61344537815126,22.64150943396226,11.949685534591197,False,False,False,False,False
8.21,9.25,5.8,6.22,210979210,2021-06-30 05:00:00,CUEN,2021-06-30,2.78,False,195.3237410071943,12.667478684531048,29.354445797807564,False,False,False,False,False
1.98,2.27,1.5,1.62,154723890,2021-08-11 05:00:00,CWBR,2021-08-11,1.29,False,53.48837209302325,14.646464646464649,24.242424242424242,False,False,False,False,False
4.6,6.29,3.85,4.14,14483726,2021-03-29 05:00:00,CYAN,2021-03-29,3.17,False,45.11041009463722,36.739130434782616,16.30434782608695,True,False,False,False,False
27.91,31.41,26.69,27.0,40137502,2021-07-19 05:00:00,CYTK,2021-07-19,19.23,False,45.13780551222049,12.54030813328556,4.371193120745248,False,False,False,False,False
4.45,6.25,4.16,5.2,58849517,2021-03-09 06:00:00,CYTO,2021-03-09,3.42,True,30.116959064327496,40.44943820224718,6.5168539325842705,True,False,False,False,False
3.44,3.85,2.82,3.0,42615843,2021-01-20 06:00:00,DARE,2021-01-20,2.36,False,45.76271186440678,11.918604651162795,18.023255813953494,False,False,False,False,False
2.26,2.45,1.77,1.88,220246760,2021-07-07 05:00:00,DARE,2021-07-07,1.52,False,48.68421052631577,8.407079646017717,21.68141592920353,False,False,False,False,False
7.65,8.8,5.75,5.97,40173585,2021-07-08 05:00:00,DBGI,2021-07-08,5.27,False,45.16129032258066,15.032679738562095,24.836601307189547,False,False,False,False,False
4.78,4.87,3.41,3.52,83673255,2021-09-28 05:00:00,DBGI,2021-09-28,2.95,False,62.03389830508474,1.8828451882845159,28.661087866108787,False,False,False,False,False
5.3211,5.9,4.98,5.66,17181875,2021-01-15 06:00:00,DBVT,2021-01-15,3.74,True,42.275401069518715,10.879329461953354,6.41032869143598,False,False,False,False,False
7.37,7.38,6.12,6.57,4750990,2021-01-19 06:00:00,DBVT,2021-01-19,5.66,False,30.212014134275616,0.1356852103120731,16.960651289009498,False,False,False,False,False
10.7,18.33,10.1,18.33,174577960,2021-03-23 05:00:00,DLPN,2021-03-23,5.45,True,96.33027522935778,71.30841121495327,5.607476635514016,True,False,True,False,False
29.02,32.5,18.53,19.16,51262729,2021-03-24 05:00:00,DLPN,2021-03-24,18.33,False,58.31969448990727,11.991729841488631,36.14748449345279,False,True,False,False,False
69.49,69.85,63.25,66.75,3450289,2021-02-11 06:00:00,DMTK,2021-02-11,53.05,False,30.989632422243165,0.518060152539933,8.97970931069218,False,False,False,False,False
3.72,4.85,2.75,2.88,104298770,2021-02-17 06:00:00,DOGZ,2021-02-17,2.23,False,66.81614349775786,30.37634408602149,26.075268817204304,True,False,False,False,False
2.74,2.85,2.415,2.48,10775342,2021-02-02 06:00:00,DRRX,2021-02-02,2.1,False,30.47619047619048,4.014598540145981,11.861313868613143,False,False,False,False,False
3.33,5.75,3.16,3.55,84564024,2021-01-14 06:00:00,DTSS,2021-01-14,2.38,True,39.91596638655463,72.67267267267268,5.105105105105103,True,False,True,False,False
6.27,6.84,3.65,3.98,88596249,2021-07-14 05:00:00,DTSS,2021-07-14,2.93,False,113.99317406143342,9.090909090909095,41.78628389154704,False,True,False,False,False
5.57,5.8,3.8,4.05,48892157,2021-07-15 05:00:00,DTSS,2021-07-15,3.98,False,39.9497487437186,4.129263913824049,31.777378815080798,False,True,False,False,False
12.6,13.1,9.17,9.68,47802979,2021-07-07 05:00:00,DTST,2021-07-07,7.29,False,72.8395061728395,3.9682539682539684,27.22222222222222,False,False,False,False,False
8.14,8.78,6.37,6.87,27023547,2021-03-22 05:00:00,DYAI,2021-03-22,5.33,False,52.720450281425904,7.862407862407847,21.74447174447175,False,False,False,False,False
2.27,2.56,1.48,1.6,78420811,2021-02-25 06:00:00,DYNT,2021-02-25,1.28,False,77.34375,12.775330396475772,34.801762114537446,False,True,False,False,False
53.0,54.0,25.06,25.35,9095622,2021-04-16 05:00:00,EBET,2021-04-16,36.42,False,45.52443712246018,1.8867924528301887,52.716981132075475,False,True,False,True,False
47.9,48.26,47.7,47.7,4564410,2021-09-10 05:00:00,ECHO,2021-09-10,31.32,False,52.937420178799485,0.7515657620041742,0.4175365344467552,False,False,False,False,False
2.87,3.63,2.6,2.64,140417170,2021-03-01 06:00:00,ECOR,2021-03-01,2.17,False,32.25806451612904,26.480836236933786,9.40766550522648,False,False,False,False,False
8.92,9.0999,7.0,7.48,16477629,2021-01-26 06:00:00,EDSA,2021-01-26,5.53,False,61.3019891500904,2.016816143497757,21.524663677130047,False,False,False,False,False
9.45,12.0,7.47,11.92,161206100,2021-09-20 05:00:00,EDSA,2021-09-20,5.88,True,60.71428571428571,26.98412698412699,20.95238095238095,False,False,False,False,False
17.86,35.2,13.5,15.5,16620979,2021-03-26 05:00:00,EEIQ,2021-03-26,4.0,False,346.5,97.08846584546475,24.412094064949606,True,False,True,False,False
22.4,28.0,17.3,18.54,5168894,2021-03-29 05:00:00,EEIQ,2021-03-29,15.5,False,44.51612903225806,25.000000000000007,22.767857142857135,False,False,False,False,False
22.04,29.2,15.85,16.98,7838532,2021-08-25 05:00:00,EFTR,2021-08-25,8.76,False,151.59817351598173,32.486388384754996,28.08529945553539,True,False,False,False,False
11.88,12.99,6.71,6.79,105815240,2021-06-14 05:00:00,ENOB,2021-06-14,4.41,False,169.38775510204084,9.343434343434337,43.518518518518526,False,True,False,False,False
5.61,5.85,4.22,4.55,21232324,2021-08-05 05:00:00,ENSC,2021-08-05,4.09,False,37.16381418092911,4.278074866310148,24.77718360071302,False,False,False,False,False
4.65,7.87,3.97,4.04,361217340,2021-03-11 06:00:00,ENTX,2021-03-11,1.6,False,190.625,69.24731182795698,14.623655913978496,True,False,True,False,False
6.23,10.16,5.59,6.9,125744511,2021-03-12 06:00:00,ENTX,2021-03-12,4.04,True,54.207920792079214,63.08186195826645,10.272873194221518,True,False,True,False,False
7.21,8.68,6.1518,6.5,161954110,2021-06-23 05:00:00,ENTX,2021-06-23,4.49,False,60.57906458797327,20.388349514563103,14.676837725381418,False,False,False,False,False
4.99,7.0,4.5,4.54,264743210,2021-03-10 06:00:00,ENVB,2021-03-10,2.93,False,70.30716723549487,40.28056112224448,9.819639278557117,True,False,False,False,False
10.61,14.81,9.55,12.29,33762519,2021-02-19 06:00:00,EOLS,2021-02-19,7.16,True,48.18435754189943,39.585296889726685,9.990574929311958,True,False,False,False,False
8.47,9.5,5.79,6.37,58776139,2021-07-30 05:00:00,ERYP,2021-07-30,4.11,False,106.08272506082726,12.160566706021244,31.641086186540736,False,True,False,False,False
20.75,24.0,20.0,22.0,49810905,2021-01-22 06:00:00,EVGO,2021-01-22,13.34,True,55.5472263868066,15.662650602409638,3.6144578313253013,False,False,False,False,False
4.46,6.22,3.74,5.08,167903810,2021-08-02 05:00:00,EVK,2021-08-02,2.26,True,97.34513274336285,39.46188340807174,16.143497757847527,True,False,False,False,False
6.39,6.43,3.565,3.77,50979328,2021-07-27 05:00:00,EYEG,2021-07-27,3.12,False,104.80769230769229,0.6259780907668238,44.20970266040689,False,True,False,False,False
2.29,9.89,2.07,5.79,739730590,2021-03-05 06:00:00,EYES,2021-03-05,1.43,True,60.139860139860154,331.87772925764193,9.606986899563328,True,False,True,False,True
8.86,14.83,8.75,11.77,320391630,2021-03-08 06:00:00,EYES,2021-03-08,5.79,True,53.022452504317776,67.38148984198648,1.241534988713312,True,False,True,False,False
18.74,20.0,13.33,15.48,107190861,2021-03-09 06:00:00,EYES,2021-03-09,11.77,False,59.21835174171622,6.723585912486668,28.868729989327637,False,False,False,False,False
1.93,2.27,1.48,1.54,32349126,2021-03-15 05:00:00,FAMI,2021-03-15,1.45,False,33.10344827586207,17.616580310880835,23.3160621761658,False,False,False,False,False
0.4527,0.53,0.3766,0.4625,1341928710,2021-09-30 05:00:00,FAMI,2021-09-30,0.34,True,33.1470588235294,17.075325822840743,16.81024961343053,False,False,False,False,False
12.86,13.87,11.51,11.95,5821551,2021-06-25 05:00:00,FFHL,2021-06-25,8.91,False,44.332210998877656,7.85381026438569,10.497667185069982,False,False,False,False,False
9.86,9.89,9.03,9.17,32420967,2021-10-11 05:00:00,FLXN,2021-10-11,5.78,False,70.58823529411764,0.3042596348884497,8.417849898580123,False,False,False,False,False
5.7465,5.7465,4.59,4.88,2802341,2021-02-16 06:00:00,FORD,2021-02-16,4.2,False,36.82142857142857,0.0,20.12529365700862,False,False,False,False,False
2.31,5.92,2.17,5.75,295348490,2021-01-07 06:00:00,FTFT,2021-01-07,1.68,True,37.50000000000001,156.27705627705626,6.060606060606066,True,False,True,False,True
9.46,11.29,6.14,7.62,144072850,2021-01-08 06:00:00,FTFT,2021-01-08,5.75,False,64.5217391304348,19.34460887949258,35.09513742071883,False,True,False,False,False
13.21,22.0899,12.07,18.77,104744228,2021-08-10 05:00:00,FULC,2021-08-10,8.33,True,58.583433373349344,67.22104466313398,8.629825889477672,True,False,True,False,False
7.17,8.569,6.6,6.944,11323932,2021-08-18 05:00:00,FWBI,2021-08-18,5.272,False,36.00151745068284,19.51185495118551,7.949790794979084,False,False,False,False,False
2.855,2.86,2.23,2.36,63350168,2021-04-14 05:00:00,GALT,2021-04-14,2.165,False,31.87066974595843,0.1751313485113798,21.891418563922944,False,False,False,False,False
3.96,4.4,3.38,3.45,104258791,2021-07-09 05:00:00,GALT,2021-07-09,2.76,False,43.478260869565226,11.111111111111121,14.646464646464649,False,False,False,False,False
3.84,4.65,3.28,3.93,8280318,2021-07-08 05:00:00,GBS,2021-07-08,2.95,True,30.169491525423716,21.093750000000014,14.583333333333336,False,False,False,False,False
4.77,4.87,3.6,3.77,27469163,2021-09-01 05:00:00,GBS,2021-09-01,3.24,False,47.2222222222222,2.096436058700221,24.528301886792445,False,False,False,False,False
4.8263,4.85,3.26,3.92,4752187,2021-03-02 06:00:00,GEG,2021-03-02,3.45,False,39.8927536231884,0.49105940368397805,32.453432235874274,False,True,False,False,False
7.6,8.18,5.24,5.48,49946147,2021-01-21 06:00:00,GENE,2021-01-21,4.3,False,76.74418604651163,7.631578947368422,31.052631578947363,False,True,False,False,False
8.86,11.68,8.5,11.03,149739350,2021-01-19 06:00:00,GEVO,2021-01-19,6.4,True,38.437499999999986,31.828442437923254,4.063205417607217,True,False,False,False,False
4.8,6.24,3.6,3.9552,43729480,2021-01-06 06:00:00,GHSI,2021-01-06,3.3,False,45.45454545454546,30.000000000000007,24.999999999999996,True,False,False,False,False
14.24,15.0,12.07,12.43,11773827,2021-02-10 06:00:00,GMDA,2021-02-10,9.89,False,43.98382204246713,5.337078651685391,15.23876404494382,False,False,False,False,False
6.99,7.19,5.67,6.06,8520667,2021-02-10 06:00:00,GNFT,2021-02-10,5.29,False,32.136105860113425,2.8612303290414904,18.884120171673825,False,False,False,False,False
18.25,18.79,17.71,18.5,35673759,2021-08-09 05:00:00,GNOG,2021-08-09,12.27,True,48.73675631621842,2.9589041095890365,2.9589041095890365,False,False,False,False,False
7.09,7.4,5.13,5.36,50809862,2021-01-11 06:00:00,GOVX,2021-01-11,3.3,False,114.84848484848486,4.372355430183364,27.64456981664316,False,False,False,False,False
7.43,7.5,5.32,5.71,103636313,2021-08-20 05:00:00,GOVX,2021-08-20,4.3,False,72.79069767441861,0.9421265141319016,28.39838492597577,False,False,False,False,False
7.97,9.45,6.18,7.1,282618360,2021-03-22 05:00:00,GREE,2021-03-22,2.14,False,272.4299065420561,18.569636135508148,22.45922208281054,False,False,False,False,False
38.64,59.69,26.33,26.33,166543360,2021-08-27 05:00:00,GREE,2021-08-27,19.7,False,96.14213197969545,54.477225672877836,31.858178053830233,True,True,True,False,False
36.79,43.17,29.34,36.39,72953395,2021-08-30 05:00:00,GREE,2021-08-30,26.33,False,39.726547664261304,17.341668931774944,20.250067953248163,False,False,False,False,False
56.9965,60.0,39.3,43.4,7790455,2021-09-15 05:00:00,GREE,2021-09-15,11.8,False,383.0211864406779,5.26962181888362,31.048397708631235,False,True,False,False,False
3.01,3.73,2.4,2.67,30360698,2021-01-08 06:00:00,GRNQ,2021-01-08,2.22,False,35.58558558558556,23.920265780730904,20.265780730897006,False,False,False,False,False
1.34,1.59,0.74,0.7599,212659940,2021-08-20 05:00:00,GRNQ,2021-08-20,0.6533,False,105.1125057400888,18.656716417910445,44.776119402985074,False,True,False,False,False
8.8398,22.47,7.52,22.27,72399325,2021-01-19 06:00:00,GRTS,2021-01-19,6.39,True,38.338028169014095,154.19127129573064,14.930202040770162,True,False,True,False,True
9.73,10.11,7.86,8.12,26963891,2021-04-29 05:00:00,GRTX,2021-04-29,6.61,False,47.20121028744327,3.9054470709146862,19.21891058581706,False,False,False,False,False
6.12,7.4,5.28,5.62,54919694,2021-07-28 05:00:00,GRVI,2021-07-28,4.65,False,31.612903225806445,20.915032679738566,13.725490196078429,False,False,False,False,False
7.9,9.36,6.67,6.98,118478990,2021-10-14 05:00:00,GRVI,2021-10-14,5.01,False,57.68463073852297,18.481012658227836,15.569620253164562,False,False,False,False,False
0.57,0.6284,0.481,0.56,132583977,2021-01-08 06:00:00,GSAT,2021-01-08,0.3955,False,44.12136536030339,10.245614035087721,15.614035087719294,False,False,False,False,False
2.91,2.98,2.26,2.4,309851857,2021-02-10 06:00:00,GSAT,2021-02-10,2.08,False,39.90384615384615,2.405498281786936,22.33676975945018,False,False,False,False,False
2.39,2.42,1.94,2.35,557857618,2021-08-30 05:00:00,GSAT,2021-08-30,1.43,False,67.13286713286715,1.2552301255230043,18.828451882845194,False,False,False,False,False
11.81,11.95,11.73,11.9,25437139,2021-09-15 05:00:00,GSKY,2021-09-15,7.77,True,51.99485199485201,1.185436071126154,0.677392040643523,False,False,False,False,False
2.27,2.43,1.97,2.34,114637325,2021-08-26 05:00:00,GSMG,2021-08-26,1.55,True,46.45161290322581,7.048458149779742,13.215859030837006,False,False,False,False,False
22.13,26.42,14.45,14.74,64139742,2021-02-18 06:00:00,GTEC,2021-02-18,7.55,False,193.11258278145692,19.385449615906023,34.704021690013555,False,True,False,False,False
21.98,29.2,19.53,21.61,89090194,2021-03-29 05:00:00,HGEN,2021-03-29,13.99,False,57.11222301644031,32.848043676069146,11.146496815286621,True,False,False,False,False
17.89,25.78,15.26,17.69,67742355,2021-09-17 05:00:00,HLBZ,2021-09-17,9.0,False,98.77777777777777,44.10285075461152,14.700950251537174,True,False,False,False,False
34.25,41.88,27.3,28.23,48144961,2021-09-21 05:00:00,HLBZ,2021-09-21,14.36,False,138.50974930362116,22.277372262773728,20.291970802919703,False,False,False,False,False
7.25,7.64,5.51,5.6,229851500,2021-03-24 05:00:00,HOFV,2021-03-24,4.03,False,79.90074441687345,5.379310344827582,24.000000000000004,False,False,False,False,False
3.06,3.15,2.33,2.51,80438896,2021-03-23 05:00:00,HOTH,2021-03-23,2.18,False,40.36697247706421,2.9411764705882306,23.856209150326798,False,False,False,False,False
16.99,17.0,11.51,12.54,70605484,2021-02-09 06:00:00,HTBX,2021-02-09,8.37,False,102.9868578255675,0.05885815185404099,32.25426721600942,False,True,False,False,False
2.86,3.09,2.27,2.39,62120042,2021-03-17 05:00:00,HUGE,2021-03-17,2.07,False,38.16425120772947,8.041958041958042,20.629370629370626,False,False,False,False,False
4.24,4.5,3.45,3.68,55625996,2021-08-05 05:00:00,HUSN,2021-08-05,3.12,False,35.8974358974359,6.132075471698108,18.632075471698112,False,False,False,False,False
1.94,1.95,1.54,1.61,110410300,2021-05-07 05:00:00,IBIO,2021-05-07,1.38,False,40.579710144927546,0.5154639175257737,20.618556701030926,False,False,False,False,False
20.0,20.05,17.4,17.79,6283810,2021-01-14 06:00:00,IBRX,2021-01-14,14.78,False,35.31799729364006,0.25000000000000355,13.000000000000005,False,False,False,False,False
10.9,11.05,7.78,7.88,5761816,2021-04-05 05:00:00,IGIC,2021-04-05,8.16,False,33.57843137254902,1.376146788990829,28.623853211009173,False,False,False,False,False
7.41,8.68,5.7501,6.43,37399355,2021-05-13 05:00:00,IHT,2021-05-13,5.63,False,31.616341030195386,17.13900134952766,22.400809716599195,False,False,False,False,False
6.96,7.55,5.66,5.92,8500910,2021-05-20 05:00:00,IHT,2021-05-20,5.25,False,32.57142857142857,8.47701149425287,18.678160919540225,False,False,False,False,False
17.94,25.0,15.12,18.56,13006866,2021-06-25 05:00:00,IKNX,2021-06-25,11.3,True,58.76106194690265,39.35340022296543,15.719063545150513,True,False,False,False,False
59.21,63.78,33.68,39.01,8863807,2021-02-18 06:00:00,IMNM,2021-02-18,22.22,False,166.47164716471647,7.718290829251815,43.11771660192535,False,True,False,False,False
24.25,24.96,17.9,18.14,21212657,2021-07-20 05:00:00,IMNM,2021-07-20,16.64,False,45.73317307692307,2.927835051546395,26.185567010309285,False,False,False,False,False
33.81,34.75,16.8901,18.65,12746864,2021-09-03 05:00:00,IMPL,2021-09-03,23.12,False,46.2370242214533,2.78024253179532,50.04406980183378,False,True,False,True,False
6.84,8.9,5.61,5.96,16464418,2021-02-01 06:00:00,IMTE,2021-02-01,5.11,False,33.85518590998042,30.116959064327496,17.98245614035087,True,False,False,False,False
15.5,18.42,14.03,14.6,39183769,2021-03-17 05:00:00,IMTX,2021-03-17,11.63,False,33.276010318142724,18.838709677419367,9.48387096774194,False,False,False,False,False
2.27,2.41,1.89,2.05,61521589,2021-07-26 05:00:00,IMV,2021-07-26,1.63,False,39.2638036809816,6.167400881057274,16.74008810572688,False,False,False,False,False
2.2,2.4,1.81,1.83,76395316,2021-08-10 05:00:00,IMV,2021-08-10,1.68,False,30.952380952380967,9.090909090909078,17.727272727272734,False,False,False,False,False
19.4608,19.4608,14.78,15.39,13505454,2021-03-08 06:00:00,IMVT,2021-03-08,13.51,False,44.04737231680237,0.0,24.052454164268685,False,False,False,False,False
28.04,29.9596,22.16,23.84,3855145,2021-03-15 05:00:00,INDP,2021-03-15,18.36,False,52.72331154684096,6.845934379457915,20.970042796005703,False,False,False,False,False
11.85,28.8299,10.2,10.75,169467510,2021-09-15 05:00:00,INDP,2021-09-15,7.07,False,67.6096181046676,143.2902953586498,13.924050632911396,True,False,True,False,True
2.15,2.61,2.05,2.45,172556450,2021-07-28 05:00:00,INFI,2021-07-28,1.52,True,41.44736842105262,21.395348837209305,4.651162790697679,False,False,False,False,False
5.31,12.3,5.22,9.4,96809337,2021-03-09 06:00:00,INVO,2021-03-09,3.11,True,70.73954983922829,131.63841807909608,1.6949152542372856,True,False,True,False,True
5.23,5.62,3.71,4.18,22727357,2021-09-02 05:00:00,IPHA,2021-09-02,3.62,False,44.47513812154697,7.456978967495214,29.063097514340352,False,False,False,False,False
7.6,11.95,7.5,8.1,66372967,2021-09-17 05:00:00,IPHA,2021-09-17,5.75,True,32.17391304347826,57.23684210526315,1.315789473684206,True,False,True,False,False
12.54,17.0,12.06,13.17,9435400,2021-01-21 06:00:00,IPWR,2021-01-21,9.11,True,37.65093304061471,35.566188197767154,3.827751196172238,True,False,False,False,False
3.91,4.93,3.53,4.13,10683638,2021-01-12 06:00:00,IRIX,2021-01-12,2.86,True,36.71328671328673,26.08695652173912,9.718670076726351,False,False,False,False,False
27.91,29.96,18.95,19.59,33550912,2021-09-07 05:00:00,IRNT,2021-09-07,16.66,False,67.52701080432173,7.345037620924402,32.10318882121104,False,True,False,False,False
43.94,47.5,35.022,41.4,59565851,2021-09-16 05:00:00,IRNT,2021-09-16,32.13,False,36.75692499221909,8.101957214383255,20.29585798816568,False,False,False,False,False
13.24,15.53,12.97,14.12,160088820,2021-09-10 05:00:00,ISEE,2021-09-10,8.69,True,52.35903337169161,17.296072507552864,2.0392749244712958,False,False,False,False,False
13.7,13.98,11.35,11.84,8305358,2021-06-17 05:00:00,ISUN,2021-06-17,10.15,False,34.975369458128064,2.043795620437965,17.153284671532845,False,False,False,False,False
29.95,30.38,29.91,30.25,4485297,2021-09-13 05:00:00,ITMR,2021-09-13,20.64,True,45.10658914728681,1.4357262103505835,0.13355592654423756,False,False,False,False,False
29.6,29.765,25.6,27.5,4361070,2021-06-14 05:00:00,ITOS,2021-06-14,20.03,False,47.77833250124812,0.5574324324324296,13.513513513513512,False,False,False,False,False
2.38,2.74,1.94,2.27,229838720,2021-02-09 06:00:00,ITRM,2021-02-09,1.54,False,54.54545454545453,15.12605042016808,18.48739495798319,False,False,False,False,False
22.3,31.83,11.8,12.99,8182018,2021-01-28 06:00:00,JAN,2021-01-28,9.52,False,134.2436974789916,42.735426008968595,47.08520179372197,True,True,False,False,False
11.77,12.97,8.59,9.68,5998941,2021-02-25 06:00:00,JAN,2021-02-25,8.31,False,41.63658243080624,10.195412064570952,27.017841971113,False,False,False,False,False
10.03,11.45,7.13,7.24,89468893,2021-03-02 06:00:00,JCS,2021-03-02,5.35,False,87.4766355140187,14.15752741774676,28.91326021934197,False,False,False,False,False
10.97,11.0,4.89,4.98,76595025,2021-02-05 06:00:00,JG,2021-02-05,3.98,False,175.6281407035176,0.27347310847766054,55.42388331814039,False,True,False,True,False
13.64,14.93,10.62,14.36,9892746,2021-09-23 05:00:00,JSPR,2021-09-23,10.23,True,33.33333333333333,9.457478005865095,22.140762463343115,False,False,False,False,False
17.38,18.88,14.15,16.42,35775736,2021-10-15 05:00:00,JSPR,2021-10-15,12.48,False,39.262820512820504,8.630609896432683,18.584579976985033,False,False,False,False,False
9.85,14.5,8.0,8.41,42369797,2021-05-21 05:00:00,JZXN,2021-05-21,7.42,False,32.74932614555256,47.208121827411176,18.78172588832487,True,False,False,False,False
13.2449,13.55,10.6135,11.2,4466788,2021-06-03 05:00:00,JZXN,2021-06-03,9.31,False,42.26530612244897,2.3035281504579217,19.86726966606014,False,False,False,False,False
40.53,45.0,27.53,33.5,35138295,2021-02-09 06:00:00,KALV,2021-02-09,15.61,False,159.64125560538116,11.02886750555144,32.07500616827041,False,True,False,False,False
9.18,9.2,9.06,9.07,146648930,2021-09-08 05:00:00,KDMN,2021-09-08,5.3,False,73.20754716981132,0.21786492374727204,1.3071895424836517,False,False,False,False,False
