open,high,low,close,volume,datetime,symbol,date_only,close_yesterday,diff_percent,gap_up
2.9,3.85,2.38,2.6,37765078,2021-01-04 06:00:00,ANTE,2021-01-04,2.19,32.42009132420091,True
7.43,8.0,5.54,7.08,2833688,2021-01-28 06:00:00,RHE,2021-01-28,5.3,40.18867924528302,True
16.56,17.4,8.53,8.66,124731889,2020-07-30 05:00:00,KNDI,2020-07-30,9.32,77.68240343347638,True
65.83,67.0,47.0,63.91,199442400,2021-02-10 06:00:00,TLRY,2021-02-10,42.35,55.4427390791027,True
59.21,63.78,33.68,39.01,8863807,2021-02-18 06:00:00,IMNM,2021-02-18,22.22,166.47164716471647,True
0.8064,0.94,0.435,0.505,1614646,2021-02-08 06:00:00,VTAQR,2021-02-08,0.33,144.36363636363635,True
19.26,24.3,16.2054,19.98,10177356,2020-09-15 05:00:00,ELDN,2020-09-15,6.822,182.32189973614777,True
67.69,68.2,55.0,61.83,9393157,2021-03-11 06:00:00,VIR,2021-03-11,46.82,44.57496796240922,True
9.9,10.75,8.25,8.78,31919393,2020-09-11 05:00:00,BFRA,2020-09-11,7.38,34.14634146341464,True
7.65,8.58,6.67,7.53,43166477,2020-09-01 05:00:00,JNCE,2020-09-01,4.84,58.05785123966943,True
2.74,2.85,2.415,2.48,10775342,2021-02-02 06:00:00,DRRX,2021-02-02,2.1,30.47619047619048,True
4.88,6.14,2.13,2.68,126368141,2020-10-21 05:00:00,ASTC,2020-10-21,1.69,188.75739644970415,True
2.85,2.98,2.1,2.21,60511851,2021-04-07 05:00:00,ASTC,2021-04-07,2.18,30.73394495412844,True
14.05,15.6,13.25,14.4,30711486,2020-12-10 06:00:00,SSPK,2020-12-10,10.49,33.93708293612965,True
1.91,2.15,1.66,1.93,31277820,2021-05-24 05:00:00,CREX,2021-05-24,1.31,45.80152671755724,True
10.82,13.0,8.22,8.55,44862007,2020-07-16 05:00:00,ACIU,2020-07-16,7.19,50.48678720445062,True
11.62,12.5,7.96,8.43,27713744,2021-02-11 06:00:00,ACIU,2021-02-11,7.31,58.96032831737346,True
1.6218,1.9353,1.32,1.3728,35451331,2020-12-18 06:00:00,XELA,2020-12-18,1.0887,48.96665748139982,True
2.47,5.5,2.33,4.61,474952400,2021-03-09 06:00:00,XELA,2021-03-09,1.65,49.69696969696972,True
6.08,7.82,4.0,4.17,124429210,2021-03-10 06:00:00,XELA,2021-03-10,4.61,31.88720173535791,True
7.25,7.41,5.0,5.82,15883572,2020-09-25 05:00:00,TATT,2020-09-25,4.02,80.34825870646769,True
7.62,8.34,6.25,6.59,29358738,2021-01-06 06:00:00,TATT,2021-01-06,5.1,49.41176470588237,True
9.63,15.71,8.0,10.2,95930084,2020-07-17 05:00:00,VRNA,2020-07-17,4.73,103.5940803382664,True
9.84,12.49,7.58,7.92,12364223,2021-02-18 06:00:00,QUIK,2021-02-18,7.17,37.23849372384937,True
13.41,13.64,11.03,11.08,1541496,2021-02-24 06:00:00,PSTX,2021-02-24,10.15,32.11822660098522,True
18.88,19.6998,14.23,15.0,17004580,2021-01-25 06:00:00,TSIA,2021-01-25,10.36,82.23938223938224,True
11.74,12.2,9.5,10.27,27178020,2020-08-17 05:00:00,MBOT,2020-08-17,8.16,43.872549019607845,True
6.02,6.05,4.11,4.93,54109987,2020-11-25 06:00:00,YJ,2020-11-25,4.29,40.326340326340315,True
4.63,6.75,4.04,6.75,25937927,2020-06-25 05:00:00,PHCF,2020-06-25,3.28,41.15853658536586,True
6.431,9.58,5.71,7.6,87188713,2020-08-06 05:00:00,ADTX,2020-08-06,3.93,63.63867684478371,True
2.54,2.62,1.41,1.49,5883825,2020-06-17 05:00:00,SALM,2020-06-17,1.58,60.75949367088607,True
2.34,2.6,2.22,2.51,4544902,2020-08-07 05:00:00,HBP,2020-08-07,1.65,41.81818181818182,True
3.16,3.75,3.07,3.42,22902519,2020-10-15 05:00:00,HBP,2020-10-15,2.4142,30.89222102559854,True
1.62,2.54,1.41,1.52,95750928,2020-11-12 06:00:00,IMAC,2020-11-12,0.833,94.47779111644661,True
1.61,1.74,1.3,1.47,15857560,2020-12-30 06:00:00,IMAC,2020-12-30,1.1858,35.77331759149943,True
4.77,5.47,3.15,3.21,14977579,2021-02-01 06:00:00,ALYA,2021-02-01,2.51,90.0398406374502,True
3.19,3.4,2.38,2.53,47970876,2021-03-24 05:00:00,ALYA,2021-03-24,2.36,35.16949152542373,True
45.8,63.95,45.22,58.74,8365285,2020-12-09 06:00:00,RCKT,2020-12-09,32.03,42.990945988136104,True
3.32,9.43,2.9,4.8,321675850,2020-10-06 05:00:00,PPSI,2020-10-06,1.57,111.46496815286622,True
5.01,6.16,4.34,4.4,118119232,2020-12-04 06:00:00,PPSI,2020-12-04,3.5372,41.63745335293453,True
19.8838,21.95,18.93,21.16,15228236,2021-04-13 05:00:00,MFNC,2021-04-13,13.17,50.977980258162496,True
1.85,1.95,1.0348,1.1,55833299,2020-06-05 05:00:00,FRSX,2020-06-05,0.9074,103.8792153405334,True
2.559,2.75,1.69,1.73,106773602,2020-12-11 06:00:00,FRSX,2020-12-11,1.52,68.35526315789475,True
4.22,6.45,3.95,5.75,136259980,2020-12-23 06:00:00,FRSX,2020-12-23,3.23,30.6501547987616,True
31.1,33.74,27.87,31.86,43993213,2020-09-09 05:00:00,ITCI,2020-09-09,18.43,68.7466087900163,True
5.24,5.68,5.2,5.23,8192243,2021-03-25 05:00:00,HWCC,2021-03-25,3.8,37.894736842105274,True
0.81,0.889,0.5751,0.5861,44397009,2020-07-02 05:00:00,NXTD,2020-07-02,0.53,52.83018867924529,True
0.597,0.6898,0.45,0.475,77102581,2020-12-02 06:00:00,NXTD,2020-12-02,0.41,45.609756097560975,True
0.71,1.07,0.6,0.924,308233110,2020-12-16 06:00:00,NXTD,2020-12-16,0.4876,45.61115668580804,True
1.73,1.88,1.37,1.39,62505289,2020-12-28 06:00:00,NXTD,2020-12-28,1.24,39.516129032258064,True
1.63,1.85,1.44,1.67,110222647,2021-02-08 06:00:00,NXTD,2021-02-08,1.22,33.60655737704918,True
5.92,6.3978,4.8,5.21,78787060,2021-03-03 06:00:00,SLGG,2021-03-03,4.01,47.63092269326683,True
1.71,1.9,1.51,1.54,11541134,2020-06-09 05:00:00,EYES,2020-06-09,1.26,35.71428571428571,True
1.8232,1.84,1.43,1.52,3293210,2020-12-07 06:00:00,EYES,2020-12-07,1.4,30.22857142857143,True
2.29,9.89,2.07,5.79,739730590,2021-03-05 06:00:00,EYES,2021-03-05,1.43,60.139860139860154,True
8.86,14.83,8.75,11.77,320391630,2021-03-08 06:00:00,EYES,2021-03-08,5.79,53.022452504317776,True
18.74,20.0,13.33,15.48,107190861,2021-03-09 06:00:00,EYES,2021-03-09,11.77,59.21835174171622,True
35.69,37.1866,26.0,35.85,1211553,2021-02-01 06:00:00,APPH,2021-02-01,24.95,43.04609218436873,True
12.0,12.0,9.3,10.422,3468493,2020-06-10 05:00:00,NSPR,2020-06-10,8.379,43.21518080916578,True
7.275,7.425,5.4,5.58,1495335,2020-09-08 05:00:00,NSPR,2020-09-08,5.115,42.22873900293255,True
8.85,9.15,6.9375,7.9275,3290520,2021-01-05 06:00:00,NSPR,2021-01-05,6.6,34.09090909090909,True
3.44,3.85,2.82,3.0,42615843,2021-01-20 06:00:00,DARE,2021-01-20,2.36,45.76271186440678,True
2.1394,2.32,1.52,1.69,6699821,2020-06-17 05:00:00,BYFC,2020-06-17,1.43,49.60839160839163,True
3.76,7.23,3.14,3.31,171829570,2020-06-19 05:00:00,BYFC,2020-06-19,1.7,121.17647058823528,True
4.45,4.45,2.63,2.97,41870176,2020-06-22 05:00:00,BYFC,2020-06-22,3.31,34.44108761329306,True
3.16,3.16,1.97,2.11,37661673,2020-06-30 05:00:00,BYFC,2020-06-30,1.73,82.65895953757227,True
7.09,7.4,5.13,5.36,50809862,2021-01-11 06:00:00,GOVX,2021-01-11,3.3,114.84848484848486,True
4.89,6.6,4.23,5.7,80094720,2020-06-04 05:00:00,XSPA,2020-06-04,3.24,50.9259259259259,True
8.76,8.82,6.03,7.11,63592140,2020-06-05 05:00:00,XSPA,2020-06-05,5.7,53.68421052631578,True
3.33,3.33,1.96,2.28,64394848,2021-01-28 06:00:00,XSPA,2021-01-28,2.39,39.33054393305439,True
7.36,8.45,5.88,6.69,68905671,2020-09-10 05:00:00,YTEN,2020-09-10,4.35,69.1954022988506,True
0.555,0.58,0.363,0.3651,91553071,2020-09-11 05:00:00,AVGR,2020-09-11,0.4149,33.767172812725974,True
0.61,0.77,0.4575,0.4799,229584910,2020-12-24 06:00:00,AVGR,2020-12-24,0.3461,76.24963883270729,True
1.84,1.89,1.41,1.47,133655120,2021-01-15 06:00:00,AVGR,2021-01-15,1.11,65.76576576576576,True
2.38,2.67,2.07,2.1,122982086,2021-02-18 06:00:00,AVGR,2021-02-18,1.69,40.828402366863905,True
16.614,18.87,12.51,12.94,4215092,2021-01-21 06:00:00,ADXN,2021-01-21,10.6251,56.36558714741509,True
0.94,1.23,0.621,0.6777,32548503,2020-09-24 05:00:00,OEG,2020-09-24,0.515,82.52427184466018,True
1.15,1.25,0.8664,1.08,43508106,2020-10-08 05:00:00,OEG,2020-10-08,0.8352,37.691570881226035,True
6.9411,8.7,5.84,7.95,47710850,2021-01-25 06:00:00,OEG,2021-01-25,5.0,38.82199999999999,True
2.895,3.57,2.67,3.52,14750753,2021-04-23 05:00:00,MNMD,2021-04-23,2.13,35.91549295774649,True
3.14,3.3,1.66,1.78,160794640,2020-07-13 05:00:00,ECOR,2020-07-13,0.85,269.4117647058824,True
2.77,3.0,2.07,2.23,66219490,2020-07-31 05:00:00,ECOR,2020-07-31,1.54,79.87012987012987,True
2.87,3.63,2.6,2.64,140417170,2021-03-01 06:00:00,ECOR,2021-03-01,2.17,32.25806451612904,True
2.34,2.58,1.87,1.97,1492939,2020-07-15 05:00:00,NEXT,2020-07-15,1.71,36.84210526315789,True
10.61,14.81,9.55,12.29,33762519,2021-02-19 06:00:00,EOLS,2021-02-19,7.16,48.18435754189943,True
7.15,8.41,5.6,7.75,175097200,2020-09-14 05:00:00,SAVA,2020-09-14,3.32,115.36144578313255,True
33.39,74.5,32.06,55.44,76134961,2021-02-02 06:00:00,SAVA,2021-02-02,22.99,45.23705959112659,True
20.0,20.05,17.4,17.79,6283810,2021-01-14 06:00:00,IBRX,2021-01-14,14.78,35.31799729364006,True
2.62,3.15,2.28,2.47,16740327,2021-02-22 06:00:00,XELB,2021-02-22,2.015,30.024813895781637,True
18.7,19.0,16.6,18.69,3304666,2021-02-03 06:00:00,VCVCU,2021-02-03,12.125,54.22680412371133,True
18.1,22.8,15.5,20.53,16013327,2020-07-02 05:00:00,VLDR,2020-07-02,13.85,30.685920577617342,True
5.81,5.94,5.32,5.5,1418962,2020-09-28 05:00:00,GNFT,2020-09-28,4.19,38.663484486873486,True
6.99,7.19,5.67,6.06,8520667,2021-02-10 06:00:00,GNFT,2021-02-10,5.29,32.136105860113425,True
2.8,2.98,2.0,2.15,13444519,2020-11-12 06:00:00,ZCMD,2020-11-12,1.88,48.93617021276596,True
3.4,4.09,2.41,2.66,139712740,2021-03-17 05:00:00,ZCMD,2021-03-17,1.82,86.81318681318679,True
4.53,5.0,3.53,3.8,39327569,2020-06-22 05:00:00,EVOK,2020-06-22,2.35,92.76595744680851,True
4.5,5.43,3.08,3.17,147802460,2020-10-20 05:00:00,CBLI,2020-10-20,2.17,107.37327188940093,True
4.64,5.08,4.28,4.39,44219478,2020-07-23 05:00:00,CBAY,2020-07-23,3.51,32.19373219373219,True
2.39,2.9,1.93,2.67,24546388,2021-01-20 06:00:00,STCN,2021-01-20,1.49,60.4026845637584,True
0.8,0.802,0.6403,0.705,106573081,2020-08-10 05:00:00,OCGN,2020-08-10,0.55,45.45454545454545,True
0.4728,0.83,0.4066,0.8052,734079840,2020-12-22 06:00:00,OCGN,2020-12-22,0.294,60.81632653061226,True
2.04,3.05,1.84,2.6,918194300,2020-12-23 06:00:00,OCGN,2020-12-23,0.8052,153.35320417287627,True
2.39,2.47,2.1,2.25,141117750,2020-12-28 06:00:00,OCGN,2020-12-28,1.76,35.795454545454554,True
3.42,3.5,2.8,3.07,169856720,2021-01-04 06:00:00,OCGN,2021-01-04,1.83,86.88524590163934,True
9.28,18.77,9.13,15.81,719521500,2021-02-08 06:00:00,OCGN,2021-02-08,5.25,76.76190476190474,True
2.18,3.34,1.27,1.32,154195440,2020-10-15 05:00:00,STAF,2020-10-15,0.786,177.35368956743002,True
5.9,6.24,4.86,5.04,36922231,2021-01-12 06:00:00,LJPC,2021-01-12,3.94,49.74619289340102,True
7.6,7.8,6.102,6.45,1324435,2020-07-07 05:00:00,VIVE,2020-07-07,5.68,33.802816901408455,True
8.5,14.4,6.9,7.1,26854847,2020-08-25 05:00:00,VIVE,2020-08-25,5.3,60.37735849056604,True
4.6,6.29,3.85,4.14,14483726,2021-03-29 05:00:00,CYAN,2021-03-29,3.17,45.11041009463722,True
11.39,11.78,10.05,10.5,30982579,2021-05-18 05:00:00,ULBI,2021-05-18,8.51,33.84253819036429,True
14.75,16.44,10.03,10.26,5676928,2021-03-05 06:00:00,AEI,2021-03-05,10.65,38.49765258215962,True
2.8,10.76,2.404,8.8,16427473,2020-07-06 05:00:00,COGT,2020-07-06,1.7792,57.37410071942446,True
6.25,6.25,4.15,4.5,1265762,2020-12-10 06:00:00,PBLA,2020-12-10,4.37,43.02059496567506,True
4.1,4.75,3.03,3.1,108462638,2020-12-11 06:00:00,VTVT,2020-12-11,2.19,87.21461187214611,True
10.43,12.48,8.0,8.45,16965169,2021-03-11 06:00:00,LGVN,2021-03-11,7.19,45.0625869262865,True
9.15,9.37,7.0,7.32,18767375,2021-04-13 05:00:00,LGVN,2021-04-13,6.92,32.22543352601157,True
3.38,3.85,2.7,2.87,24388776,2020-06-03 05:00:00,WISA,2020-06-03,2.33,45.064377682403425,True
3.01,3.88,2.72,3.63,132156358,2020-11-10 06:00:00,WISA,2020-11-10,2.13,41.31455399061032,True
13.05,14.84,10.07,10.73,22577999,2020-07-17 05:00:00,APDN,2020-07-17,8.99,45.16129032258065,True
13.05,13.08,9.3,10.0,18595860,2020-07-31 05:00:00,APDN,2020-07-31,8.71,49.82778415614236,True
3.5,3.95,2.65,2.975,1594712,2020-06-08 05:00:00,SINO,2020-06-08,2.182,60.40329972502292,True
2.66,3.2427,2.22,2.42,14861292,2020-11-12 06:00:00,SINO,2020-11-12,1.93,37.8238341968912,True
10.3,11.3,7.11,7.44,20004586,2021-02-03 06:00:00,SINO,2021-02-03,4.74,117.29957805907172,True
11.18,11.46,8.32,8.54,43548135,2021-03-18 05:00:00,SINO,2021-03-18,8.57,30.45507584597432,True
2.31,2.58,1.81,2.04,33278402,2021-01-20 06:00:00,NDRA,2021-01-20,1.74,32.758620689655174,True
7.69,8.18,5.03,5.21,44167802,2020-12-21 06:00:00,EYEG,2020-12-21,3.57,115.40616246498602,True
2.18,3.14,2.06,2.38,77860790,2021-01-26 06:00:00,VTNR,2021-01-26,1.63,33.74233128834358,True
4.49,5.2,3.55,3.99,257019800,2021-05-27 05:00:00,VTNR,2021-05-27,1.78,152.24719101123594,True
6.08,8.38,5.63,7.81,232446480,2021-05-28 05:00:00,VTNR,2021-05-28,3.99,52.38095238095238,True
5.464,5.76,4.424,4.424,15334702,2020-10-08 05:00:00,BKYI,2020-10-08,3.3608,62.58033801475841,True
23.0,23.025,22.85,22.9,1469403,2021-02-16 06:00:00,PTVCB,2021-02-16,15.01,53.23117921385743,True
8.0,13.31,5.28,5.5,4575452,2020-06-17 05:00:00,IMTE,2020-06-17,4.4,81.8181818181818,True
5.63,6.9,4.0,4.41,5330838,2020-12-29 06:00:00,IMTE,2020-12-29,3.95,42.531645569620245,True
6.84,8.9,5.61,5.96,16464418,2021-02-01 06:00:00,IMTE,2021-02-01,5.11,33.85518590998042,True
198.01,218.09,179.88,197.33,16626334,2021-04-13 05:00:00,NVCR,2021-04-13,131.88,50.1440703670003,True
2.77,2.88,1.96,2.05,37254616,2020-06-26 05:00:00,MDCA,2020-06-26,1.15,140.8695652173913,True
18.2,25.0,16.79,22.41,39472771,2021-02-18 06:00:00,CAPA,2021-02-18,10.38,75.33718689788053,True
2.33,2.68,1.6,1.64,54279736,2020-06-02 05:00:00,TENX,2020-06-02,1.45,60.68965517241381,True
2.14,2.84,1.91,1.98,231530760,2020-12-29 06:00:00,TENX,2020-12-29,1.07,100.0,True
2.7,2.72,2.31,2.36,40538542,2021-01-19 06:00:00,TENX,2021-01-19,1.78,51.68539325842697,True
1.93,2.97,1.84,2.1,805430840,2020-12-30 06:00:00,BNGO,2020-12-30,1.33,45.112781954887204,True
2.93,3.47,2.57,3.08,483750820,2020-12-31 06:00:00,BNGO,2020-12-31,2.1,39.523809523809526,True
5.21,7.24,4.51,7.2,583898250,2021-01-04 06:00:00,BNGO,2021-01-04,3.08,69.15584415584415,True
53.0,54.0,25.06,25.35,9095622,2021-04-16 05:00:00,EBET,2021-04-16,36.42,45.52443712246018,True
1.66,1.95,1.36,1.46,54749130,2020-07-15 05:00:00,IMMP,2020-07-15,1.1,50.90909090909089,True
7.01,7.95,5.215,5.69,284920830,2020-12-10 06:00:00,IMMP,2020-12-10,2.16,224.537037037037,True
30.07,33.99,20.94,23.9,4693825,2021-01-13 06:00:00,LIVE,2021-01-13,12.5001,140.55807553539572,True
2.8,3.75,2.15,2.32,5230540,2020-05-29 05:00:00,CHCI,2020-05-29,2.0,39.99999999999999,True
3.21,4.3,2.77,2.99,5125399,2020-06-19 05:00:00,CHCI,2020-06-19,2.45,31.02040816326529,True
13.44,15.72,7.83,8.38,33920149,2021-02-09 06:00:00,CHCI,2021-02-09,4.22,218.48341232227486,True
12.45,12.95,11.36,12.16,22861830,2021-02-08 06:00:00,WPRT,2021-02-08,8.65,43.93063583815027,True
2.51,3.05,2.24,2.31,12201073,2020-11-18 06:00:00,IHT,2020-11-18,1.9,32.10526315789473,True
7.41,8.68,5.7501,6.43,37399355,2021-05-13 05:00:00,IHT,2021-05-13,5.63,31.616341030195386,True
6.96,7.55,5.66,5.92,8500910,2021-05-20 05:00:00,IHT,2021-05-20,5.25,32.57142857142857,True
14.2,17.45,11.2,12.02,10684800,2021-01-13 06:00:00,QLI,2021-01-13,10.0,41.99999999999999,True
30.43,35.7,30.01,31.66,6306715,2020-08-06 05:00:00,DNLI,2020-08-06,23.24,30.938037865748715,True
4.38,6.0,3.15,3.63,223313750,2020-06-04 05:00:00,CIDM,2020-06-04,1.31,234.35114503816794,True
0.785,0.79,0.64,0.6985,95207190,2020-12-04 06:00:00,CIDM,2020-12-04,0.56,40.178571428571416,True
0.661,0.776729,0.6,0.7,1233594,2021-04-07 05:00:00,MCADR,2021-04-07,0.46,43.69565217391305,True
9.37,10.25,6.82,7.01,32591691,2020-08-13 05:00:00,FAT,2020-08-13,3.53,165.43909348441926,True
8.62,11.21,7.2,7.89,4162868,2020-12-11 06:00:00,FAT,2020-12-11,6.177,39.549943338190054,True
5.14,5.14,3.01,3.38,1274735,2020-06-18 05:00:00,JAN,2020-06-18,3.6659,40.21113505551159,True
5.65,5.65,3.51,3.56,3025873,2020-07-21 05:00:00,JAN,2020-07-21,3.49,61.891117478510026,True
22.3,31.83,11.8,12.99,8182018,2021-01-28 06:00:00,JAN,2021-01-28,9.52,134.2436974789916,True
11.77,12.97,8.59,9.68,5998941,2021-02-25 06:00:00,JAN,2021-02-25,8.31,41.63658243080624,True
3.16,3.23,2.56,2.8,53540736,2020-07-17 05:00:00,HMHC,2020-07-17,2.35,34.46808510638298,True
3.2,5.24,3.16,4.125,258508560,2020-07-14 05:00:00,RIGL,2020-07-14,2.16,48.148148148148145,True
12.46,13.43,6.9,6.9,37487885,2020-06-15 05:00:00,NETE,2020-06-15,4.6,170.86956521739134,True
18.17,19.25,12.32,12.88,15847524,2020-07-13 05:00:00,NETE,2020-07-13,11.6,56.63793103448278,True
15.31,15.75,7.7306,8.6,39863297,2020-09-24 05:00:00,NETE,2020-09-24,6.47,136.6306027820711,True
15.01,19.15,14.08,16.3,49894751,2020-12-30 06:00:00,NETE,2020-12-30,11.3,32.831858407079636,True
8.8398,22.47,7.52,22.27,72399325,2021-01-19 06:00:00,GRTS,2021-01-19,6.39,38.338028169014095,True
3.79,4.9,2.92,2.99,67550518,2020-12-08 06:00:00,NURO,2020-12-08,2.15,76.27906976744187,True
16.0,17.798,12.42,13.936,4569709,2020-07-29 05:00:00,ACHV,2020-07-29,11.44,39.86013986013987,True
17.21,18.26,12.0,13.63,8532464,2020-07-31 05:00:00,ACHV,2020-07-31,12.0,43.41666666666668,True
0.805,1.05,0.7,0.9886,1895078,2020-11-27 06:00:00,SCR,2020-11-27,0.6,34.16666666666668,True
1.383308,1.6,1.075,1.2965,1877578,2020-11-30 06:00:00,SCR,2020-11-30,0.9886,39.9259558972284,True
2.63,8.8,2.61,3.19,112926799,2021-02-05 06:00:00,BSQR,2021-02-05,1.9,38.42105263157895,True
4.26,7.24,4.05,5.69,55684455,2021-02-08 06:00:00,BSQR,2021-02-08,3.19,33.5423197492163,True
2.7,5.7,1.88,3.76,169098830,2020-10-21 05:00:00,MRIN,2020-10-21,1.51,78.80794701986756,True
8.22,14.23,4.68,4.76,62262852,2020-09-29 05:00:00,APM,2020-09-29,1.22,573.7704918032788,True
4.59,4.94,3.5,4.02,19384181,2021-01-20 06:00:00,APM,2021-01-20,3.18,44.33962264150942,True
3.73,3.84,3.13,3.36,33469002,2020-06-02 05:00:00,MGI,2020-06-02,2.59,44.015444015444025,True
6.36,7.88,5.41,6.1,30812237,2020-11-10 06:00:00,MEDS,2020-11-10,4.3,47.90697674418606,True
3.26,3.55,2.9,3.03,38860336,2020-12-28 06:00:00,AQMS,2020-12-28,2.34,39.31623931623932,True
3.34,4.65,3.07,4.2,318299570,2020-07-16 05:00:00,BOXL,2020-07-16,2.38,40.33613445378151,True
83.54,124.75,81.96,115.09,21520788,2021-03-18 05:00:00,UPST,2021-03-18,60.79,37.42391840763285,True
0.44,0.44,0.2592,0.29,3189200,2020-12-28 06:00:00,BREZR,2020-12-28,0.288,52.77777777777779,True
5.1,10.24,4.65,4.77,38424980,2020-12-18 06:00:00,SQFT,2020-12-18,3.7,37.83783783783782,True
4.66,4.7,3.45,3.56,20513624,2021-02-17 06:00:00,ONCY,2021-02-17,3.01,54.81727574750832,True
13.19,13.32,11.5101,12.14,2572174,2020-10-05 05:00:00,HGEN,2020-10-05,9.85,33.90862944162436,True
21.98,29.2,19.53,21.61,89090194,2021-03-29 05:00:00,HGEN,2021-03-29,13.99,57.11222301644031,True
8.397,9.561,6.503,6.748,7639053,2020-08-21 05:00:00,EYPT,2020-08-21,5.75,46.03478260869566,True
2.28,3.1,1.96,1.98,213121320,2020-10-30 05:00:00,BLRX,2020-10-30,1.48,54.05405405405404,True
4.89,6.34,4.38,4.88,244201720,2021-05-04 05:00:00,BLRX,2021-05-04,3.19,53.29153605015673,True
3.73,4.09,2.54,2.68,91515719,2020-10-19 05:00:00,BIMI,2020-10-19,1.94,92.26804123711341,True
1.23,1.86,1.13,1.32,32575009,2020-09-25 05:00:00,SYPR,2020-09-25,0.9301,32.243844747876565,True
6.88,7.89,4.72,5.06,193632230,2021-02-24 06:00:00,SYPR,2021-02-24,2.66,158.64661654135338,True
1.57,3.13,1.38,2.3,214958420,2020-12-07 06:00:00,OBLN,2020-12-07,1.07,46.72897196261682,True
3.21,10.77,2.7,8.28,445937420,2021-01-20 06:00:00,OBLN,2021-01-20,1.61,99.37888198757763,True
4.79,4.8,3.57,3.73,6127523,2021-03-10 06:00:00,OBLN,2021-03-10,3.54,35.31073446327684,True
45.55,49.0,37.51,39.62,6892701,2020-09-08 05:00:00,ALBO,2020-09-08,27.37,66.42309097552062,True
8.93,9.4,7.17,7.94,19584749,2020-07-17 05:00:00,VCNX,2020-07-17,5.66,57.773851590106,True
5.95,9.56,4.7,4.88,278622040,2021-02-19 06:00:00,VCNX,2021-02-19,2.87,107.3170731707317,True
17.32,17.73,16.92,17.66,16100832,2020-12-22 06:00:00,SPWH,2020-12-22,12.65,36.91699604743083,True
20.8819,23.28,19.0,23.275,4377672,2021-01-12 06:00:00,VOXX,2021-01-12,14.76,41.47628726287264,True
7.44,7.49,5.92,6.85,2279792,2020-09-29 05:00:00,FLUX,2020-09-29,5.4,37.77777777777778,True
3.97,4.47,3.68,3.98,106280332,2021-05-05 05:00:00,CHMA,2021-05-05,2.84,39.78873239436621,True
2.39,3.42,1.91,2.07,38440722,2020-10-23 05:00:00,DOGZ,2020-10-23,1.61,48.4472049689441,True
3.72,4.85,2.75,2.88,104298770,2021-02-17 06:00:00,DOGZ,2021-02-17,2.23,66.81614349775786,True
9.3,12.38,8.25,9.11,15611713,2020-12-17 06:00:00,VVOS,2020-12-17,6.78,37.168141592920364,True
5.9,6.31,4.74,6.0,143205030,2021-02-10 06:00:00,OGI,2021-02-10,4.37,35.01144164759726,True
3.98,4.04,3.56,4.04,99393351,2021-03-11 06:00:00,OGI,2021-03-11,2.89,37.71626297577854,True
4.9,7.89,3.77,4.11,131021691,2020-07-31 05:00:00,SONN,2020-07-31,2.91,68.38487972508592,True
4.38,4.94,3.35,3.9,92544097,2020-08-24 05:00:00,SONN,2020-08-24,2.63,66.53992395437263,True
18.41,19.6,16.25,17.88,25743486,2020-08-14 05:00:00,MESO,2020-08-14,11.81,55.8848433530906,True
12.91,13.7,11.35,11.4,15291994,2021-01-11 06:00:00,MESO,2021-01-11,8.66,49.07621247113164,True
3.35,3.47,2.72,2.755,76745062,2021-03-31 05:00:00,RKDA,2021-03-31,2.33,43.776824034334766,True
8.32,8.73,5.37,5.59,35334265,2020-12-18 06:00:00,CYTH,2020-12-18,4.74,75.52742616033755,True
2.9,4.02,2.72,3.05,3869474,2020-06-04 05:00:00,MREO,2020-06-04,1.96,47.95918367346939,True
2.98,4.25,2.73,3.6,86879134,2020-12-18 06:00:00,MREO,2020-12-18,2.21,34.841628959276015,True
5.07,7.521,4.2,4.995,8764731,2020-10-28 05:00:00,TTNP,2020-10-28,3.846,31.82527301092044,True
7.68,8.85,5.85,6.135,17773486,2020-11-20 06:00:00,TTNP,2020-11-20,5.13,49.707602339181285,True
10.2,11.5,8.05,8.4,10239159,2020-07-16 05:00:00,NBRV,2020-07-16,6.65,53.383458646616525,True
2.14,2.32,1.49,1.51,140489080,2021-05-26 05:00:00,NBRV,2021-05-26,1.48,44.594594594594604,True
4.91,5.12,4.37,4.69,6023129,2020-10-08 05:00:00,CPSS,2020-10-08,3.33,47.447447447447445,True
10.4,10.7,6.95,7.1,15694564,2020-11-12 06:00:00,EDRY,2020-11-12,4.49,131.62583518930958,True
3.87,5.85,3.04,3.17,183662090,2020-12-09 06:00:00,XBIO,2020-12-09,1.08,258.3333333333333,True
3.71,7.36,3.58,4.66,8626097,2021-02-05 06:00:00,WHLR,2021-02-05,2.81,32.02846975088968,True
7.76,9.99,6.45,8.91,224640970,2020-07-23 05:00:00,MIST,2020-07-23,3.34,132.33532934131736,True
4.78,4.78,4.05,4.39,2667104,2021-01-25 06:00:00,ACER,2021-01-25,3.67,30.245231607629435,True
5.3,5.39,4.0,4.2,21978102,2021-03-15 05:00:00,ACER,2021-03-15,3.41,55.42521994134896,True
10.03,11.45,7.13,7.24,89468893,2021-03-02 06:00:00,JCS,2021-03-02,5.35,87.4766355140187,True
7.6,8.18,5.24,5.48,49946147,2021-01-21 06:00:00,GENE,2021-01-21,4.3,76.74418604651163,True
1.7,1.8,1.38,1.44,42935927,2020-07-15 05:00:00,PHUN,2020-07-15,1.29,31.7829457364341,True
2.14,2.41,1.75,1.81,114058019,2021-01-26 06:00:00,PHUN,2021-01-26,1.45,47.58620689655174,True
3.06,3.17,2.43,2.69,77910698,2021-02-01 06:00:00,PHUN,2021-02-01,2.08,47.11538461538461,True
2.18,3.07,1.83,1.93,173015360,2021-03-11 06:00:00,PHUN,2021-03-11,1.62,34.567901234567906,True
0.589,0.6,0.3612,0.4585,756814360,2020-11-09 06:00:00,SNDL,2020-11-09,0.25,135.6,True
0.346,0.35,0.2915,0.3009,590867590,2020-11-24 06:00:00,SNDL,2020-11-24,0.2408,43.68770764119601,True
0.4935,0.86,0.455,0.7294,2057930800,2020-11-30 06:00:00,SNDL,2020-11-30,0.372,32.66129032258065,True
0.9584,1.36,0.6517,0.825,2158450600,2021-01-28 06:00:00,SNDL,2021-01-28,0.6008,59.52063914780294,True
2.21,3.04,1.93,2.95,2630643100,2021-02-10 06:00:00,SNDL,2021-02-10,1.65,33.939393939393945,True
3.96,3.96,2.15,2.38,2956070900,2021-02-11 06:00:00,SNDL,2021-02-11,2.95,34.23728813559321,True
10.37,10.75,7.58,8.14,18441782,2020-10-28 05:00:00,AUVI,2020-10-28,6.37,62.7943485086342,True
9.0,35.78,8.2876,19.71,118339008,2021-02-09 06:00:00,AUVI,2021-02-09,5.18,73.74517374517374,True
1.8,1.83,1.43,1.51,29686108,2020-08-05 05:00:00,ARPO,2020-08-05,1.32,36.36363636363636,True
15.87,24.34,11.29,11.77,95482784,2021-02-10 06:00:00,BPTH,2021-02-10,5.2,205.19230769230765,True
9.73,10.17,7.26,7.63,21683813,2021-04-05 05:00:00,BPTH,2021-04-05,7.15,36.08391608391608,True
14.0,14.98,5.73,6.37,34070549,2021-02-24 06:00:00,NVOS,2021-02-24,3.9887,250.99155113194774,True
2.57,2.61,1.77,1.89,36249262,2020-06-15 05:00:00,BBI,2020-06-15,1.26,103.96825396825395,True
24.69,27.24,21.56,23.87,18593585,2020-06-23 05:00:00,TBIO,2020-06-23,16.24,52.032019704433516,True
104.0,111.77,95.5,104.56,26477879,2020-07-07 05:00:00,NVAX,2020-07-07,79.44,30.916414904330313,True
191.05,235.5,172.0,220.94,36661372,2021-01-29 06:00:00,NVAX,2021-01-29,134.01,42.563987762107324,True
1.98,2.21,1.74,2.15,45794137,2020-06-08 05:00:00,CDEV,2020-06-08,1.49,32.88590604026846,True
36.98,54.5,26.8,37.0,49382542,2020-09-28 05:00:00,PLL,2020-09-28,11.0,236.18181818181813,True
4.57,6.22,4.11,4.37,133260186,2020-08-21 05:00:00,PIXY,2020-08-21,3.44,32.84883720930233,True
9.15,9.8,5.4,5.9,6929444,2020-06-18 05:00:00,HUSN,2020-06-18,3.975,130.18867924528305,True
2.955,5.3,2.655,2.9445,15389980,2020-10-12 05:00:00,HUSN,2020-10-12,2.175,35.86206896551726,True
4.3165,4.4,3.3,3.35,5305288,2020-10-15 05:00:00,HUSN,2020-10-15,3.225,33.84496124031006,True
54.0,107.3299,53.6554,82.17,7063231,2021-04-07 05:00:00,UTME,2021-04-07,39.0,38.46153846153846,True
17.24,25.85,6.28,7.33,29098195,2020-12-17 06:00:00,OCG,2020-12-17,6.1,182.6229508196721,True
4.27,4.39,3.23,3.77,132510953,2020-11-09 06:00:00,AMC,2020-11-09,2.49,71.48594377510037,True
4.71,4.88,3.85,4.42,443238115,2021-01-25 06:00:00,AMC,2021-01-25,3.51,34.188034188034194,True
20.34,20.36,11.01,19.9,1253253552,2021-01-27 06:00:00,AMC,2021-01-27,4.96,310.0806451612903,True
14.31,16.0,11.6,13.26,602193320,2021-01-29 06:00:00,AMC,2021-01-29,8.63,65.81691772885283,True
9.0,27.05,7.35,26.5,100656969,2020-07-13 05:00:00,EQ,2020-07-13,3.19,182.13166144200628,True
5.69,6.25,4.81,5.03,13596651,2020-10-01 05:00:00,ADES,2020-10-01,4.06,40.14778325123155,True
3.68,3.79,2.7,2.89,40413403,2020-12-18 06:00:00,CNSP,2020-12-18,2.5,47.2,True
3.65,3.75,3.26,3.45,11234636,2021-01-19 06:00:00,NERV,2021-01-19,2.71,34.686346863468636,True
14.88,18.5,11.78,12.49,49382590,2021-04-06 05:00:00,SJ,2021-04-06,9.31,59.828141783029,True
13.7734,16.54,12.06,12.25,25466095,2021-04-29 05:00:00,WVVI,2021-04-29,10.245,34.44021473889704,True
3.91,4.93,3.53,4.13,10683638,2021-01-12 06:00:00,IRIX,2021-01-12,2.86,36.71328671328673,True
5.22,5.6,3.4,3.61,41259232,2021-05-06 05:00:00,ALF,2021-05-06,3.58,45.810055865921775,True
4.88,4.91,3.86,4.57,23111316,2021-05-10 05:00:00,ALF,2021-05-10,3.7,31.891891891891884,True
6.76,7.12,4.2,4.64,29258240,2020-12-09 06:00:00,NTEC,2020-12-09,3.46,95.37572254335261,True
7.01,7.4899,5.54,5.96,15420582,2021-03-15 05:00:00,NTEC,2021-03-15,4.59,52.72331154684096,True
7.97,9.45,6.18,7.1,282618360,2021-03-22 05:00:00,SPRT,2021-03-22,2.14,272.4299065420561,True
0.73955,0.81,0.4,0.55,9139929,2021-03-30 05:00:00,AGBAR,2021-03-30,0.31,138.56451612903228,True
0.55,0.55,0.381,0.5,2161210,2021-04-08 05:00:00,AGBAR,2021-04-08,0.37,48.64864864864866,True
23.0,25.74,18.98,22.1,25759156,2021-02-10 06:00:00,CMLF,2021-02-10,15.52,48.1958762886598,True
11.5,13.5,7.205,8.2,33214426,2020-06-23 05:00:00,PPBT,2020-06-23,7.67,49.934810951760106,True
3.0,4.1,1.95,2.29,30399554,2020-10-19 05:00:00,CCNC,2020-10-19,1.1,172.72727272727272,True
1.59,1.59,1.22,1.29,65296771,2020-05-29 05:00:00,PRTY,2020-05-29,1.02,55.88235294117648,True
4.7,4.76,3.65,3.65,31122529,2020-07-28 05:00:00,SPPI,2020-07-28,3.24,45.06172839506173,True
1.25,1.6,0.725,0.725,121877158,2020-10-09 05:00:00,SNMP,2020-10-09,0.37,237.83783783783784,True
1.64,1.64,1.32,1.59,28174966,2021-03-23 05:00:00,SNMP,2021-03-23,1.05,56.190476190476176,True
1.09,1.46,0.971,1.09,147396353,2021-05-17 05:00:00,SNMP,2021-05-17,0.71,53.521126760563405,True
69.49,69.85,63.25,66.75,3450289,2021-02-11 06:00:00,DMTK,2021-02-11,53.05,30.989632422243165,True
6.7079,6.85,5.42,5.84,8255454,2021-03-12 06:00:00,ANIX,2021-03-12,5.14,30.503891050583675,True
84.4,85.0,67.12,77.2,14222897,2020-08-17 05:00:00,CVAC,2020-08-17,55.9,50.98389982110914,True
25.93,26.45,22.59,24.1,71099362,2020-06-16 05:00:00,IQ,2020-06-16,19.15,35.4046997389034,True
7.6999,8.19,5.82,6.4,21258295,2020-08-07 05:00:00,KZIA,2020-08-07,4.27,80.32552693208433,True
9.87,10.83,8.51,9.695,134631850,2020-12-14 06:00:00,VERU,2020-12-14,6.355,55.310778914240736,True
1.34,1.45,1.16,1.18,49468727,2021-02-09 06:00:00,ASRT,2021-02-09,1.03,30.097087378640783,True
1.6388,1.64,1.52,1.56,2515559,2021-05-18 05:00:00,ASRT,2021-05-18,0.4325,278.9132947976879,True
4.94,5.0,3.4,3.79,11217809,2020-12-30 06:00:00,CNFR,2020-12-30,2.65,86.41509433962267,True
17.57,17.675,13.3,14.2975,1577598,2020-07-27 05:00:00,VIRX,2020-07-27,12.327,42.532651902328226,True
7.21,7.245,6.195,6.51,4067136,2020-11-30 06:00:00,VIRX,2020-11-30,5.25,37.333333333333336,True
0.84,1.05,0.75,0.8051,79848749,2021-01-05 06:00:00,ZSAN,2021-01-05,0.5823,44.25553838227716,True
2.78,3.06,1.77,1.99,154114460,2021-02-09 06:00:00,ZSAN,2021-02-09,1.93,44.041450777202066,True
5.46,7.415,4.8,5.625,17839216,2020-06-05 05:00:00,TOPS,2020-06-05,3.8,43.684210526315795,True
5.52,6.25,5.02,5.64,264914240,2021-04-05 05:00:00,CEMI,2021-04-05,3.52,56.8181818181818,True
10.9,11.05,7.78,7.88,5761816,2021-04-05 05:00:00,IGIC,2021-04-05,8.16,33.57843137254902,True
17.59,24.42,13.57,15.75,44738628,2020-07-14 05:00:00,INMB,2020-07-14,8.85,98.75706214689266,True
2.98,3.1,2.24,2.37,113187666,2020-12-31 06:00:00,HOTH,2020-12-31,1.64,81.70731707317074,True
3.06,3.15,2.33,2.51,80438896,2021-03-23 05:00:00,HOTH,2021-03-23,2.18,40.36697247706421,True
3.79,4.2699,2.94,3.05,56323501,2021-02-05 06:00:00,METX,2021-02-05,2.74,38.32116788321167,True
22.39,25.2,19.81,24.5,29075784,2021-02-01 06:00:00,THCB,2021-02-01,15.66,42.9757343550447,True
11.09,11.38,10.57,10.9,14012178,2020-10-14 05:00:00,MDRX,2020-10-14,8.31,33.453670276774965,True
9.895,12.49,5.77,6.1,63554951,2021-02-11 06:00:00,RCMT,2021-02-11,3.69,168.15718157181573,True
10.54,30.0,5.38,5.8,40185144,2020-06-10 05:00:00,JFIN,2020-06-10,2.95,257.28813559322026,True
5.97,6.06,3.75,4.55,11303473,2020-06-12 05:00:00,JFIN,2020-06-12,3.9,53.07692307692307,True
14.05,15.0,8.7,10.95,40084753,2020-06-18 05:00:00,ALPN,2020-06-18,4.66,201.50214592274676,True
0.9904,1.19,0.886,1.0,150217480,2021-02-02 06:00:00,AEZS,2021-02-02,0.7,41.48571428571429,True
0.94,2.62,0.85,1.63,159968010,2020-06-09 05:00:00,NAKD,2020-06-09,0.679,38.43888070692193,True
0.458,0.47,0.3211,0.343,59209407,2020-08-20 05:00:00,NAKD,2020-08-20,0.2509,82.542845755281,True
0.1787,0.33,0.166,0.2889,1149248940,2020-11-19 06:00:00,NAKD,2020-11-19,0.1295,37.992277992277984,True
0.225,0.23,0.18,0.1839,283849540,2020-11-23 06:00:00,NAKD,2020-11-23,0.1686,33.45195729537367,True
0.3442,0.47,0.275,0.412,880371000,2021-01-05 06:00:00,NAKD,2021-01-05,0.2177,58.10748736793753,True
2.24,3.4,1.1,1.39,1173840990,2021-01-28 06:00:00,NAKD,2021-01-28,1.38,62.31884057971017,True
2.25,2.28,1.45,1.65,474977820,2021-01-29 06:00:00,NAKD,2021-01-29,1.39,61.870503597122315,True
2.5,2.7,1.74,2.45,3542459,2020-06-18 05:00:00,NVFY,2020-06-18,1.9,31.57894736842106,True
6.93,7.49,4.2,4.49,37769218,2021-03-11 06:00:00,NVFY,2021-03-11,2.4,188.74999999999997,True
1.51,1.62,1.31,1.39,143886500,2021-04-30 05:00:00,MOTS,2021-04-30,1.09,38.53211009174311,True
14.46,15.43,13.71,14.2,37280749,2020-11-27 06:00:00,APXT,2020-11-27,10.99,31.574158325750687,True
2.17,2.36,1.46,1.68,37255358,2020-07-09 05:00:00,BGFV,2020-07-09,0.92,135.8695652173913,True
5.21,5.93,4.54,5.58,15145037,2020-07-29 05:00:00,BGFV,2020-07-29,3.47,50.14409221902016,True
27.2266,27.4,26.9,26.96,1368048,2021-05-24 05:00:00,MMAC,2021-05-24,17.1,59.21988304093566,True
2.06,2.38,1.23,1.38,14722634,2020-08-10 05:00:00,MOXC,2020-08-10,1.22,68.85245901639345,True
3.3,3.44,1.96,2.36,42313237,2020-08-27 05:00:00,MOXC,2020-08-27,2.1001,57.13537450597591,True
2.56,6.76,2.55,2.6,149218380,2020-10-22 05:00:00,EVK,2020-10-22,1.15,122.60869565217392,True
5.77,8.3,4.75,5.25,108010531,2020-12-03 06:00:00,EVK,2020-12-03,2.1,174.76190476190473,True
6.61,8.5,4.27,4.57,9501294,2021-02-05 06:00:00,KRKR,2021-02-05,4.5,46.88888888888889,True
20.5,20.5,17.82,18.73,35795169,2021-01-25 06:00:00,AUPH,2021-01-25,14.86,37.95423956931359,True
3.27,3.55,2.7,3.23,73827405,2020-07-01 05:00:00,YELL,2020-07-01,1.85,76.75675675675676,True
68.64,75.0,53.6,58.38,18297276,2020-12-14 06:00:00,ARVN,2020-12-14,29.93,129.33511526896092,True
2.08,2.55,1.64,1.83,70414503,2020-08-11 05:00:00,OXBR,2020-08-11,1.17,77.7777777777778,True
1.55,9.62,1.55,2.95,140357970,2020-09-28 05:00:00,OXBR,2020-09-28,1.07,44.85981308411215,True
3.17,3.17,2.63,2.7,12878619,2021-02-04 06:00:00,THTX,2021-02-04,2.34,35.47008547008547,True
23.96,23.99,18.55,19.29,9550370,2020-06-10 05:00:00,LAKE,2020-06-10,16.02,49.563046192259684,True
22.0,26.45,21.33,25.77,38209854,2020-08-07 05:00:00,GRPN,2020-08-07,16.45,33.738601823708215,True
5.07,5.75,4.445,4.55,217797200,2021-05-05 05:00:00,ATNX,2021-05-05,3.71,36.65768194070082,True
23.47,29.29,21.8,29.25,4951204,2021-01-12 06:00:00,ACTCU,2021-01-12,13.35,75.80524344569288,True
18.92,19.85,15.21,16.39,4046268,2020-07-27 05:00:00,TCRR,2020-07-27,13.1,44.427480916030554,True
2.21,2.69,1.9,2.04,84019925,2020-10-26 05:00:00,GRIL,2020-10-26,1.53,44.44444444444444,True
2.51,3.18,2.08,2.58,198727090,2020-06-01 05:00:00,CETX,2020-06-01,0.947,165.04751847940864,True
3.12,4.2,2.33,2.56,142620190,2021-03-10 06:00:00,CETX,2021-03-10,1.67,86.82634730538925,True
20.84,47.86,20.79,33.96,9504212,2020-12-17 06:00:00,SCPS,2020-12-17,5.92,252.02702702702703,True
3.88,5.1,3.12,3.44,15318971,2020-12-29 06:00:00,KOSS,2020-12-29,2.4,61.66666666666667,True
11.69,13.9,8.72,10.0,34562731,2021-01-26 06:00:00,KOSS,2021-01-26,6.0,94.83333333333333,True
17.52,69.79,14.19,58.0,25073496,2021-01-27 06:00:00,KOSS,2021-01-27,10.0,75.2,True
72.865,105.4018,53.0,64.0,11612325,2021-01-29 06:00:00,KOSS,2021-01-29,41.96,73.65347950428979,True
26.75,30.0,23.81,25.59,7228365,2021-02-03 06:00:00,KOSS,2021-02-03,20.0,33.75,True
32.6,35.05,18.93,21.53,38329360,2021-02-25 06:00:00,KOSS,2021-02-25,18.44,76.78958785249458,True
25.23,40.48,23.2,30.28,60298912,2021-03-10 06:00:00,KOSS,2021-03-10,17.9,40.94972067039108,True
3.67,19.75,3.45,14.3,315842280,2021-02-04 06:00:00,AACG,2021-02-04,1.36,169.85294117647055,True
2.85,2.89,1.51,1.76,30623751,2020-12-09 06:00:00,RCON,2020-12-09,1.44,97.91666666666667,True
3.04,3.6,2.35,2.56,16836826,2021-01-25 06:00:00,RCON,2021-01-25,2.19,38.812785388127864,True
7.26,10.17,6.6,7.97,165956480,2021-03-30 05:00:00,VTSI,2021-03-30,4.78,51.882845188284506,True
0.7216,1.65,0.6671,1.45,356571440,2021-01-04 06:00:00,CHEK,2021-01-04,0.46,56.869565217391305,True
2.4,2.93,1.67,1.73,279399380,2021-01-05 06:00:00,CHEK,2021-01-05,1.45,65.51724137931035,True
4.05,4.49,3.02,3.07,420805020,2021-03-15 05:00:00,CHEK,2021-03-15,1.53,164.70588235294113,True
11.1,11.49,9.36,10.12,59211814,2021-05-25 05:00:00,PRVB,2021-05-25,7.98,39.09774436090225,True
10.51,11.83,7.91,8.79,43624252,2020-10-01 05:00:00,ENLV,2020-10-01,5.94,76.93602693602692,True
13.86,15.0,12.65,14.3,7350939,2020-10-05 05:00:00,ENLV,2020-10-05,10.35,33.91304347826087,True
1.26,1.9,1.04,1.23,21781736,2020-07-20 05:00:00,BRQS,2020-07-20,0.85,48.23529411764706,True
1.32,2.23,1.15,1.23,152056650,2020-08-24 05:00:00,BRQS,2020-08-24,0.882,49.65986394557824,True
9.01,11.73,7.41,8.96,31201578,2020-06-25 05:00:00,APVO,2020-06-25,5.75,56.69565217391305,True
50.0035,60.0,31.0,32.74,7469066,2020-11-09 06:00:00,APVO,2020-11-09,23.7,110.98523206751057,True
0.83,0.83,0.61,0.67,1128366,2021-02-17 06:00:00,ZGYHR,2021-02-17,0.52045,59.47737534825632,True
1.36,1.56,1.05,1.2,3659021,2020-06-03 05:00:00,VVPR,2020-06-03,0.9975,36.34085213032582,True
15.84,24.33,14.1,16.28,111137499,2020-10-09 05:00:00,VVPR,2020-10-09,10.09,56.98711595639247,True
10.37,11.36,8.74,9.26,16469001,2020-12-23 06:00:00,VVPR,2020-12-23,7.89,31.43219264892268,True
8.4,8.93,4.36,4.73,26320930,2020-07-16 05:00:00,LGHL,2020-07-16,3.42,145.61403508771932,True
4.99,5.39,3.11,3.66,23834960,2021-01-08 06:00:00,LGHL,2021-01-08,2.3,116.95652173913047,True
10.5,11.99,5.16,5.61,49054357,2021-03-29 05:00:00,UPC,2021-03-29,4.06,158.62068965517244,True
5.34,7.22,5.07,5.25,75952704,2021-04-01 05:00:00,UPC,2021-04-01,4.01,33.16708229426434,True
1.55,1.97,1.18,1.38,68256212,2020-06-26 05:00:00,CTXR,2020-06-26,1.08,43.51851851851852,True
1.53,1.68,1.13,1.2,48522501,2020-08-26 05:00:00,TYME,2020-08-26,1.17,30.769230769230777,True
3.03,4.99,2.8,3.53,276469850,2021-02-03 06:00:00,TYME,2021-02-03,1.82,66.48351648351647,True
2.32,2.59,1.75,2.08,133260243,2020-06-09 05:00:00,IZEA,2020-06-09,1.26,84.12698412698411,True
17.86,35.2,13.5,15.5,16620979,2021-03-26 05:00:00,EEIQ,2021-03-26,4.0,346.5,True
22.4,28.0,17.3,18.54,5168894,2021-03-29 05:00:00,EEIQ,2021-03-29,15.5,44.51612903225806,True
5.31,12.3,5.22,9.4,96809337,2021-03-09 06:00:00,INVO,2021-03-09,3.11,70.73954983922829,True
1.92,5.56,1.84,2.74,119516324,2020-12-30 06:00:00,IPDN,2020-12-30,1.37,40.14598540145984,True
15.77,18.15,12.6,13.47,59212045,2021-03-03 06:00:00,KMPH,2021-03-03,9.43,67.2322375397667,True
7.32,9.84,5.55,5.772,18395439,2020-10-20 05:00:00,ACOR,2020-10-20,4.14,76.81159420289858,True
7.16,7.18,5.5,6.12,36771603,2021-01-13 06:00:00,ACOR,2021-01-13,4.24,68.86792452830188,True
1.5,1.9,1.3301,1.49,17241119,2020-06-19 05:00:00,PT,2020-06-19,1.105,35.74660633484163,True
2.64,2.658,2.0538,2.16,16171839,2020-06-01 05:00:00,VISL,2020-06-01,1.7616,49.86376021798365,True
5.3934,8.94,4.5108,6.84,58172841,2020-06-04 05:00:00,VISL,2020-06-04,2.55,111.50588235294117,True
9.18,9.3,7.56,7.98,7601988,2020-07-21 05:00:00,MBRX,2020-07-21,6.6,39.09090909090909,True
6.6,7.32,5.52,5.94,8495330,2020-12-01 06:00:00,MBRX,2020-12-01,4.68,41.02564102564103,True
7.41,8.78,6.03,6.39,54161495,2021-02-02 06:00:00,MBRX,2021-02-02,4.7,57.659574468085104,True
6.38,10.49,5.82,6.56,31232698,2020-06-23 05:00:00,FFHL,2020-06-23,4.69,36.03411513859274,True
8.4,8.8,6.289,6.443,3299792,2020-10-12 05:00:00,PSHG,2020-10-12,5.826,44.181256436663254,True
7.35,8.11,5.17,5.38,19033056,2020-11-11 06:00:00,PSHG,2020-11-11,4.56,61.184210526315795,True
33.2,33.5,23.55,27.17,26429355,2020-11-24 06:00:00,ARVL,2020-11-24,25.45,30.45186640471514,True
3.95,4.35,2.71,2.82,1211381,2020-11-17 06:00:00,GSMG,2020-11-17,2.675,47.66355140186917,True
2.49,2.49,2.0,2.14,2770008,2020-12-09 06:00:00,USIO,2020-12-09,1.8299,36.07300945406854,True
6.75,9.79,6.56,7.75,20848252,2020-06-04 05:00:00,KZR,2020-06-04,4.47,51.00671140939598,True
1.05,1.12,0.722,0.8099,13402197,2020-06-26 05:00:00,OPTT,2020-06-26,0.698,50.42979942693412,True
3.18,3.72,2.68,2.98,165484540,2020-10-07 05:00:00,OPTT,2020-10-07,2.18,45.871559633027516,True
3.31,4.46,2.67,3.02,58349947,2020-11-24 06:00:00,OPTT,2020-11-24,2.17,52.53456221198157,True
11.49,14.3,7.89,8.04,230619020,2020-06-26 05:00:00,VXRT,2020-06-26,6.26,83.54632587859425,True
4.98,8.18,4.63,5.35,229273680,2020-07-06 05:00:00,AYRO,2020-07-06,3.27,52.29357798165138,True
16.0,16.0,10.0,10.4,2028492,2020-12-23 06:00:00,BREZ,2020-12-23,10.62,50.659133709981184,True
7.5,10.5,5.72,10.5,93871454,2020-11-30 06:00:00,CAAS,2020-11-30,3.83,95.822454308094,True
14.24,15.0,12.07,12.43,11773827,2021-02-10 06:00:00,GMDA,2021-02-10,9.89,43.98382204246713,True
3.03,3.04,2.4,2.54,23526212,2020-12-14 06:00:00,SYBX,2020-12-14,2.24,35.26785714285712,True
2.0,2.099,1.4,1.56,5809628,2020-07-22 05:00:00,SPI,2020-07-22,1.28,56.25,True
3.54,46.67,3.3,14.0,348301810,2020-09-23 05:00:00,SPI,2020-09-23,1.0475,237.94749403341285,True
27.1,28.71,12.5,13.1,29554977,2020-09-24 05:00:00,SPI,2020-09-24,14.0,93.57142857142858,True
12.16,12.38,8.93,9.14,59155070,2020-10-15 05:00:00,SPI,2020-10-15,7.18,69.35933147632313,True
16.07,16.18,11.61,11.88,14219472,2020-11-24 06:00:00,SPI,2020-11-24,10.72,49.906716417910445,True
174.0,174.25,172.24,172.7,14105270,2021-04-26 05:00:00,PFPT,2021-04-26,131.78,32.038245560783125,True
14.98,21.14,12.32,21.07,1229535,2020-08-24 05:00:00,GP,2020-08-24,11.41,31.288343558282207,True
1.28,1.4,0.8625,1.01,57404190,2020-09-03 05:00:00,EARS,2020-09-03,0.83,54.21686746987953,True
1.22,1.3,1.0,1.03,51489795,2020-10-13 05:00:00,EARS,2020-10-13,0.8445,44.46417998815867,True
1.46,6.6,1.32,5.23,306626480,2020-12-01 06:00:00,EARS,2020-12-01,1.11,31.531531531531517,True
4.45,6.25,4.16,5.2,58849517,2021-03-09 06:00:00,EARS,2021-03-09,3.42,30.116959064327496,True
5.04,6.88,4.69,4.955,97137838,2020-07-07 05:00:00,CRVS,2020-07-07,2.74,83.94160583941604,True
5.71,5.74,4.7796,4.86,40518373,2020-10-05 05:00:00,CRVS,2020-10-05,4.07,40.294840294840284,True
2.86,3.18,1.73,2.03,53349442,2020-12-09 06:00:00,CNET,2020-12-09,1.46,95.89041095890411,True
2.69,4.75,2.63,3.09,202776250,2021-01-08 06:00:00,CNET,2021-01-08,1.865,44.23592493297587,True
3.03,3.29,2.5,2.62,22837379,2021-01-14 06:00:00,CNET,2021-01-14,2.24,35.26785714285712,True
4.59,6.19,4.14,6.19,53361770,2021-02-17 06:00:00,CNET,2021-02-17,3.47,32.27665706051872,True
23.37,25.49,21.8,22.65,4622628,2020-12-04 06:00:00,STRO,2020-12-04,17.0,37.47058823529412,True
0.68,1.57,0.575,1.57,91459985,2020-06-04 05:00:00,TMDI,2020-06-04,0.276861,145.6106132680298,True
22.62,22.9,20.75,21.46,1575162,2021-04-19 05:00:00,MRLN,2021-04-19,14.24,58.84831460674158,True
2.48,3.0,2.01,2.98,104058678,2021-01-25 06:00:00,ATOS,2021-01-25,1.87,32.62032085561496,True
4.43,4.9,4.0306,4.33,126378648,2021-02-04 06:00:00,ATOS,2021-02-04,3.25,36.3076923076923,True
10.93,11.6,8.06,8.235,8119913,2020-10-14 05:00:00,EFOI,2020-10-14,8.39,30.274135876042894,True
19.88,20.02,15.05,15.61,16482636,2020-07-29 05:00:00,HTBX,2020-07-29,14.49,37.19806763285023,True
16.99,17.0,11.51,12.54,70605484,2021-02-09 06:00:00,HTBX,2021-02-09,8.37,102.9868578255675,True
5.27,6.48,3.0,3.05,58684046,2020-05-29 05:00:00,PHIO,2020-05-29,2.24,135.2678571428571,True
20.33,25.44,18.7101,25.2,58914449,2021-01-12 06:00:00,ACTC,2021-01-12,12.19,66.77604593929449,True
13.7,24.45,7.05,7.55,11455939,2020-06-17 05:00:00,LMFA,2020-06-17,5.35,156.07476635514018,True
9.75,14.85,8.05,8.95,5512750,2020-06-19 05:00:00,LMFA,2020-06-19,7.4,31.75675675675675,True
10.1,12.1,8.4,9.95,4034233,2020-07-06 05:00:00,LMFA,2020-07-06,6.35,59.05511811023622,True
5.15,6.15,4.0345,4.35,12365415,2020-09-29 05:00:00,LMFA,2020-09-29,3.7985,35.57983414505726,True
16.65,18.5,11.35,12.25,44425376,2021-01-11 06:00:00,LMFA,2021-01-11,10.65,56.33802816901406,True
14.45,15.85,9.75,10.25,20454847,2021-01-29 06:00:00,LMFA,2021-01-29,7.5,92.66666666666666,True
5.05,6.48,4.34,4.94,15729086,2021-02-16 06:00:00,MYT,2021-02-16,3.44,46.80232558139535,True
4.5,4.5,3.33,3.42,1368356,2021-03-08 06:00:00,MYT,2021-03-08,3.4,32.352941176470594,True
1.96,2.14,1.65,1.75,30134043,2020-10-14 05:00:00,OCX,2020-10-14,1.46,34.24657534246575,True
3.45,3.51,2.41,2.53,68215058,2020-12-15 06:00:00,OCX,2020-12-15,2.12,62.73584905660377,True
21.96,24.8,16.48,18.332,1703557,2020-06-09 05:00:00,SQBG,2020-06-09,9.324,135.52123552123552,True
14.88,18.6,8.24,8.57,20589768,2020-10-22 05:00:00,SQBG,2020-10-22,5.7,161.05263157894737,True
9.18,10.65,8.24,8.63,11818204,2020-11-17 06:00:00,SQBG,2020-11-17,7.05,30.21276595744681,True
12.9,14.14,11.31,11.79,2518851,2020-12-02 06:00:00,SQBG,2020-12-02,9.42,36.94267515923568,True
2.02,6.13,1.99,2.85,137500530,2020-10-14 05:00:00,MDRR,2020-10-14,1.165,73.39055793991416,True
6.9,10.49,5.29,9.26,124594723,2021-03-23 05:00:00,BNTC,2021-03-23,3.19,116.30094043887149,True
17.4,21.2,10.6,11.48,19564502,2020-06-02 05:00:00,ENVB,2020-06-02,5.36,224.62686567164178,True
4.99,7.0,4.5,4.54,264743210,2021-03-10 06:00:00,ENVB,2021-03-10,2.93,70.30716723549487,True
4.6,8.5,3.3,3.93,267806140,2020-09-24 05:00:00,SUNW,2020-09-24,1.16,296.551724137931,True
4.59,4.85,3.73,4.06,88063553,2020-10-07 05:00:00,SUNW,2020-10-07,2.8,63.92857142857143,True
2.05,2.28,1.76,1.92,29695119,2020-10-09 05:00:00,MDGS,2020-10-09,1.52,34.86842105263156,True
3.0,3.99,2.82,2.89,193813980,2020-10-13 05:00:00,MDGS,2020-10-13,1.89,58.73015873015874,True
3.19,3.25,2.32,2.47,35292800,2020-11-19 06:00:00,MDGS,2020-11-19,2.02,57.92079207920792,True
2.07,2.78,1.83,2.03,71305536,2021-02-16 06:00:00,ALJJ,2021-02-16,1.33,55.639097744360875,True
13.25,13.43,5.62,6.06,22254891,2020-06-08 05:00:00,ENOB,2020-06-08,4.12,221.6019417475728,True
1.98,1.99,1.34,1.65,7653539,2020-06-12 05:00:00,ZKIN,2020-06-12,1.34,47.761194029850735,True
2.63,3.05,2.09,2.28,31788690,2020-11-25 06:00:00,ZKIN,2020-11-25,1.75,50.28571428571428,True
14.59,14.6,10.86,11.22,21052174,2021-03-24 05:00:00,ZKIN,2021-03-24,11.03,32.27561196736175,True
1.41,1.45,1.22,1.3,39012908,2021-01-05 06:00:00,ALRN,2021-01-05,1.05,34.28571428571427,True
1.8,2.14,1.35,1.63,5373101,2020-06-02 05:00:00,BHTG,2020-06-02,1.12,60.71428571428571,True
4.0,4.4,2.55,2.74,107839194,2020-06-29 05:00:00,BHTG,2020-06-29,1.65,142.42424242424244,True
4.0,4.03,3.0,3.12,22010089,2021-02-10 06:00:00,BHTG,2021-02-10,2.59,54.440154440154444,True
7.47,10.39,6.1301,6.25,109810499,2020-08-24 05:00:00,VYNT,2020-08-24,2.8999,157.59508948584434,True
14.6003,17.5,8.33,8.6,49752934,2021-02-10 06:00:00,VYNT,2021-02-10,5.77,153.03812824956674,True
12.76,16.4,9.25,10.1,20088410,2021-02-10 06:00:00,OLB,2021-02-10,7.45,71.2751677852349,True
5.4,9.07,5.2,5.82,2050121,2021-02-09 06:00:00,RELI,2021-02-09,0.3905,1282.8425096030728,True
6.22,8.45,4.91,5.1,50909850,2020-08-18 05:00:00,MICT,2020-08-18,3.5,77.71428571428571,True
13.19,14.48,10.38,11.21,166979166,2020-11-09 06:00:00,ACB,2020-11-09,9.79,34.72931562819204,True
14.1,15.72,12.6,14.4,22098526,2020-06-29 05:00:00,GNOG,2020-06-29,10.09,39.742319127849356,True
1.67,1.92,1.23,1.44,16985116,2020-07-10 05:00:00,RETO,2020-07-10,1.04,60.57692307692306,True
3.03,3.66,2.13,2.34,133585966,2021-02-22 06:00:00,RETO,2021-02-22,1.18,156.77966101694915,True
9.14,9.82,5.65,6.33,100290859,2021-02-12 06:00:00,CLEU,2021-02-12,4.05,125.67901234567903,True
13.36,16.28,11.92,12.8,41658427,2020-09-15 05:00:00,MRNS,2020-09-15,8.44,58.29383886255925,True
3.85,4.15,2.12,2.22,102781713,2020-07-27 05:00:00,SCKT,2020-07-27,1.4601,163.68056982398465,True
3.79,4.5,2.41,2.55,170926890,2020-10-23 05:00:00,SCKT,2020-10-23,1.46,159.58904109589042,True
3.71,3.74,2.84,3.08,28737171,2020-10-28 05:00:00,SCKT,2020-10-28,2.52,47.22222222222222,True
10.19,35.0,9.17,20.68,227120510,2021-02-16 06:00:00,SCKT,2021-02-16,3.24,214.50617283950612,True
14.0,18.62,11.55,11.74,24453942,2021-02-25 06:00:00,SCKT,2021-02-25,10.1,38.61386138613862,True
3.6,3.6,2.88,3.15,27165806,2021-02-10 06:00:00,NEPT,2021-02-10,2.61,37.93103448275863,True
9.24,9.25,6.41,7.12,12426525,2020-08-14 05:00:00,TLC,2020-08-14,5.11,80.82191780821917,True
6.48,7.1,5.51,5.94,3819338,2020-10-07 05:00:00,TLC,2020-10-07,4.4,47.272727272727266,True
7.07,7.5,5.61,6.37,18017210,2021-05-25 05:00:00,TLC,2021-05-25,4.89,44.58077709611453,True
9.99,11.85,8.75,11.81,3384784,2020-08-17 05:00:00,LMPX,2020-08-17,7.4,35.0,True
13.64,14.4,6.9,6.99,6523014,2020-08-12 05:00:00,MNPR,2020-08-12,7.3928,84.50384157558706,True
11.05,11.6,8.31,8.51,1976776,2021-01-28 06:00:00,MNPR,2021-01-28,6.6,67.42424242424245,True
15.95,17.01,9.6,10.6,8332852,2021-02-11 06:00:00,MNPR,2021-02-11,8.4,89.88095238095237,True
19.94,28.7,13.8001,14.91,116590760,2021-02-04 06:00:00,AVXL,2021-02-04,10.38,92.10019267822736,True
0.9808,1.55,0.8203,0.9026,98659254,2020-06-18 05:00:00,FAMI,2020-06-18,0.5699,72.10036848569925,True
1.04,1.67,0.9311,1.07,253965400,2020-08-14 05:00:00,FAMI,2020-08-14,0.762,36.482939632545936,True
1.93,2.27,1.48,1.54,32349126,2021-03-15 05:00:00,FAMI,2021-03-15,1.45,33.10344827586207,True
3.08,7.07,3.06,4.3,200351360,2020-07-21 05:00:00,MTP,2020-07-21,1.7,81.17647058823529,True
2.69,4.33,2.6,2.72,150912210,2020-08-14 05:00:00,MTP,2020-08-14,1.87,43.85026737967913,True
2.89,2.97,2.3,2.56,30192301,2020-08-21 05:00:00,MTP,2020-08-21,2.1,37.61904761904762,True
2.26,2.79,1.83,1.97,93178273,2020-06-01 05:00:00,DGLY,2020-06-01,1.12,101.78571428571425,True
3.59,5.35,3.5,5.0,102226476,2020-06-08 05:00:00,DGLY,2020-06-08,2.54,41.33858267716535,True
2.41,2.8,1.62,1.74,165795800,2021-01-21 06:00:00,CLSN,2021-01-21,1.275,89.01960784313728,True
3.02,3.48,2.25,2.29,100958049,2021-02-11 06:00:00,CLSN,2021-02-11,1.95,54.871794871794876,True
3.16,3.25,2.63,2.81,340448310,2021-02-22 06:00:00,CLSN,2021-02-22,1.9,66.31578947368423,True
3.88,3.89,2.95,3.19,48071031,2020-12-22 06:00:00,AMTX,2020-12-22,2.36,64.40677966101696,True
7.12,11.0,6.86,8.8,63632957,2021-01-25 06:00:00,AMTX,2021-01-25,4.4,61.81818181818181,True
13.9,15.0,11.1,11.27,8860704,2020-09-24 05:00:00,SSP,2020-09-24,10.47,32.76026743075453,True
3.54,4.39,3.4,4.07,142203390,2021-01-15 06:00:00,OBSV,2021-01-15,2.52,40.476190476190474,True
6.09,6.82,4.15,4.63,62093949,2020-07-14 05:00:00,IMV,2020-07-14,3.0,103.0,True
12.53,18.5,8.01,8.22,33994464,2021-01-29 06:00:00,SIEB,2021-01-29,3.71,237.73584905660377,True
6.27,6.99,5.3,5.87,14510449,2021-03-11 06:00:00,SIEB,2021-03-11,4.3,45.813953488372086,True
6.0,8.0,4.55,4.75,6238547,2020-07-14 05:00:00,EBON,2020-07-14,4.59,30.718954248366014,True
3.0396,3.07,2.98,3.04,11383097,2020-11-03 06:00:00,ALSK,2020-11-03,1.91,59.14136125654451,True
6.8,6.84,2.38,2.65,89815761,2020-06-17 05:00:00,UONEK,2020-06-17,2.74,148.1751824817518,True
4.97,5.63,3.76,4.15,73086713,2020-06-19 05:00:00,UONEK,2020-06-19,3.63,36.91460055096419,True
1.2,1.86,1.06,1.55,266156960,2020-07-20 05:00:00,TNXP,2020-07-20,0.81,48.14814814814814,True
1.02,1.02,0.6905,0.7,148963240,2020-12-07 06:00:00,TNXP,2020-12-07,0.63,61.904761904761905,True
1.6589,1.66,1.33,1.55,153966700,2021-02-08 06:00:00,TNXP,2021-02-08,1.27,30.62204724409449,True
3.37,3.73,2.31,2.67,113145651,2020-06-18 05:00:00,AEMD,2020-06-18,1.41,139.00709219858157,True
2.91,3.07,2.14,2.26,92877327,2020-12-16 06:00:00,AEMD,2020-12-16,1.62,79.62962962962962,True
11.51,11.55,11.405,11.51,41735871,2021-04-08 05:00:00,ORBC,2021-04-08,7.57,52.04755614266842,True
1.02,1.5,0.9797,1.32,86967255,2021-01-08 06:00:00,PTE,2021-01-08,0.7667,33.03769401330376,True
14.34,16.31,13.76,15.16,3310743,2021-03-01 06:00:00,VACQU,2021-03-01,10.85,32.16589861751152,True
14.56,15.4499,11.21,12.84,1759621,2020-06-16 05:00:00,IDYA,2020-06-16,8.95,62.68156424581007,True
8.0,15.2,6.6,14.63,154663950,2020-07-10 05:00:00,WIMI,2020-07-10,3.84,108.33333333333334,True
19.13,29.5,18.37,24.74,57751295,2020-07-13 05:00:00,WIMI,2020-07-13,14.63,30.75871496924127,True
1.64,2.44,1.02,1.05,213865470,2020-09-30 05:00:00,ITRM,2020-09-30,0.6428,155.13378967019287,True
0.87,1.14,0.821,0.841,99723698,2020-12-03 06:00:00,ITRM,2020-12-03,0.65,33.84615384615384,True
2.38,2.74,1.94,2.27,229838720,2021-02-09 06:00:00,ITRM,2021-02-09,1.54,54.54545454545453,True
39.18,43.64,34.36,36.14,1796955,2020-08-05 05:00:00,FLGT,2020-08-05,29.69,31.963624115863922,True
13.78,14.15,12.6,13.59,34226436,2020-09-09 05:00:00,TRIL,2020-09-09,9.46,45.66596194503169,True
17.23,18.57,6.5501,6.77,15580036,2020-09-29 05:00:00,USEG,2020-09-29,4.32,298.84259259259255,True
5.68,7.15,4.72,4.77,106127395,2021-03-25 05:00:00,APOP,2021-03-25,3.49,62.750716332378204,True
15.28,22.03,13.85,14.55,43648052,2021-04-08 05:00:00,VERY,2021-04-08,10.06,51.8886679920477,True
2.48,2.77,2.0,2.01,142220710,2020-11-25 06:00:00,MTC,2020-11-25,1.2,106.66666666666667,True
1.59,1.6,1.33,1.45,26056964,2020-12-01 06:00:00,CRBP,2020-12-01,1.22,30.32786885245903,True
23.85,24.15,18.15,18.6,2962305,2020-07-24 05:00:00,VRDN,2020-07-24,16.425,45.2054794520548,True
17.325,20.55,12.3,18.9,17798400,2020-10-28 05:00:00,VRDN,2020-10-28,7.7985,122.15810732833236,True
1.99,2.45,1.53,1.62,204241370,2021-05-06 05:00:00,MITO,2021-05-06,1.2,65.83333333333334,True
34.18,35.7,31.8501,32.17,2546919,2021-02-09 06:00:00,TMDX,2021-02-09,26.0,31.46153846153846,True
2.34,2.55,1.91,2.18,28877937,2021-02-05 06:00:00,OTLK,2021-02-05,1.79,30.726256983240216,True
9.87,10.6,6.72,6.96,43699582,2021-03-26 05:00:00,ATNF,2021-03-26,5.87,68.14310051107323,True
31.22,38.5,29.3701,37.44,25784490,2020-10-02 05:00:00,NNOX,2020-10-02,23.97,30.24614100959533,True
63.61,64.0,47.26,48.55,28631919,2021-04-05 05:00:00,NNOX,2021-04-05,41.33,53.907573191386405,True
3.3,13.4,2.75,8.15,235290470,2020-10-19 05:00:00,KXIN,2020-10-19,2.07,59.42028985507247,True
5.04,5.0501,3.53,3.77,45590646,2020-11-05 06:00:00,KXIN,2020-11-05,2.77,81.94945848375451,True
8.46,10.19,8.27,9.49,88094149,2020-11-23 06:00:00,KXIN,2020-11-23,6.06,39.603960396039625,True
1.54,3.33,1.4,2.37,227066710,2020-06-16 05:00:00,CLIR,2020-06-16,0.7925,94.3217665615142,True
4.39,4.5,3.21,3.52,6003343,2020-07-02 05:00:00,VERO,2020-07-02,3.19,37.61755485893416,True
3.75,15.97,3.6,5.2,111912807,2021-02-05 06:00:00,AAME,2021-02-05,2.39,56.90376569037657,True
7.4,8.98,7.322,8.9,3089057,2020-06-08 05:00:00,AXAS,2020-06-08,5.526,33.91241404270721,True
4.898,4.9,3.746,3.912,1717511,2020-08-24 05:00:00,AXAS,2020-08-24,3.532,38.674971687429206,True
3.51,3.51,2.71,2.73,26667483,2020-06-17 05:00:00,WATT,2020-06-17,2.21,58.823529411764696,True
5.87,7.69,4.83,7.23,179296540,2021-02-19 06:00:00,WATT,2021-02-19,3.72,57.79569892473118,True
9.45,12.45,6.85,8.2,6204025,2020-06-04 05:00:00,DLPN,2020-06-04,4.4715,111.33847702113384,True
10.7,18.33,10.1,18.33,174577960,2021-03-23 05:00:00,DLPN,2021-03-23,5.45,96.33027522935778,True
29.02,32.5,18.53,19.16,51262729,2021-03-24 05:00:00,DLPN,2021-03-24,18.33,58.31969448990727,True
3.0,6.88,2.83,3.36,29688012,2020-06-10 05:00:00,AVCT,2020-06-10,2.18,37.61467889908256,True
12.49,12.96,7.99,8.35,51521474,2020-08-06 05:00:00,AVCT,2020-08-06,4.84,158.05785123966942,True
6.05,6.06,4.35,4.79,48596843,2020-12-22 06:00:00,JG,2020-12-22,3.19,89.65517241379311,True
10.97,11.0,4.89,4.98,76595025,2021-02-05 06:00:00,JG,2021-02-05,3.98,175.6281407035176,True
3.6,7.97,3.12,4.15,287175030,2021-01-29 06:00:00,CATB,2021-01-29,2.43,48.148148148148145,True
6.05,6.5,4.45,5.08,23751736,2020-08-28 05:00:00,NSYS,2020-08-28,3.96,52.77777777777778,True
10.0,28.99,6.6,20.0,75742847,2020-06-09 05:00:00,IMRN,2020-06-09,2.1001,376.16780153326033,True
10.71,12.78,9.01,9.38,4730036,2020-06-19 05:00:00,IMRN,2020-06-19,7.75,38.19354838709679,True
10.5,19.53,10.13,10.41,67810307,2020-07-20 05:00:00,IMRN,2020-07-20,6.37,64.83516483516483,True
19.59,21.3,13.9,14.81,26592155,2020-07-21 05:00:00,IMRN,2020-07-21,10.41,88.18443804034582,True
14.0,14.0,7.05,7.39,15805032,2020-06-03 05:00:00,HUGE,2020-06-03,3.1,351.61290322580646,True
5.72,6.87,4.12,4.26,22852347,2020-07-30 05:00:00,HUGE,2020-07-30,3.74,52.94117647058822,True
2.86,3.09,2.27,2.39,62120042,2021-03-17 05:00:00,HUGE,2021-03-17,2.07,38.16425120772947,True
3.0,4.32,2.37,2.86,53605177,2020-11-24 06:00:00,ENG,2020-11-24,2.07,44.92753623188407,True
218.9,221.0,183.6,186.83,33562126,2021-01-26 06:00:00,BYND,2021-01-26,158.73,37.90713790713792,True
40.75,54.16,33.33,36.3,25906714,2020-06-19 05:00:00,UONE,2020-06-19,25.0,63.0,True
6.54,6.55,4.2401,4.49,16688871,2020-08-25 05:00:00,UONE,2020-08-25,4.15,57.590361445783124,True
14.41,14.98,13.0,14.35,2493696,2021-02-02 06:00:00,PRTA,2021-02-02,11.0,31.0,True
5.91,6.74,5.2,5.68,67297336,2020-06-30 05:00:00,BLNK,2020-06-30,4.01,47.38154613466335,True
1.981,2.36,0.92,1.17,66880595,2020-10-07 05:00:00,RAVE,2020-10-07,0.514,285.4085603112841,True
1.26,1.3,0.86,0.89,4527669,2020-09-29 05:00:00,ARTL,2020-09-29,0.7999,57.51968996124515,True
1.72,1.73,1.23,1.25,66883990,2021-02-02 06:00:00,ARTL,2021-02-02,1.04,65.38461538461539,True
2.88,3.67,2.5,2.66,252772410,2021-02-12 06:00:00,ARTL,2021-02-12,1.63,76.68711656441718,True
11.56,11.96,9.4,10.56,21743399,2021-01-25 06:00:00,VYNE,2021-01-25,7.52,53.72340425531917,True
2.74,2.89,2.07,2.075,23577799,2020-07-21 05:00:00,LXRX,2020-07-21,2.1,30.47619047619048,True
2.25,2.38,1.71,1.81,102548681,2020-11-17 06:00:00,LXRX,2020-11-17,1.29,74.4186046511628,True
2.35,4.04,2.21,3.08,204340170,2020-12-08 06:00:00,LXRX,2020-12-08,1.73,35.83815028901735,True
2.03,4.96,1.85,4.96,146324200,2020-06-30 05:00:00,POLA,2020-06-30,1.37,48.1751824817518,True
4.16,6.56,3.21,3.69,72516670,2020-09-24 05:00:00,POLA,2020-09-24,1.92,116.66666666666669,True
7.5,8.2,6.96,7.0,1183005,2020-09-24 05:00:00,LOGC,2020-09-24,5.405,38.76040703052728,True
22.08,24.25,19.04,21.6,15856991,2021-04-09 05:00:00,CELC,2021-04-09,14.31,54.29769392033541,True
11.19,13.42,5.3,5.4,36666015,2020-08-04 05:00:00,SSNT,2020-08-04,2.72,311.39705882352933,True
3.86,4.65,3.61,4.13,117877674,2020-08-07 05:00:00,CNDT,2020-08-07,2.26,70.79646017699116,True
4.62,5.19,3.62,3.74,11356491,2021-01-22 06:00:00,CLPS,2021-01-22,3.49,32.378223495702,True
13.32,19.78,10.5,10.84,127547292,2021-02-17 06:00:00,CLPS,2021-02-17,4.9,171.83673469387753,True
20.17,38.82,18.0614,25.66,38409712,2020-07-17 05:00:00,RMBL,2020-07-17,10.72,88.15298507462687,True
9.85,14.5,8.0,8.41,42369797,2021-05-21 05:00:00,JZXN,2021-05-21,7.42,32.74932614555256,True
1.65,3.46,1.53,2.14,635408200,2021-05-04 05:00:00,COCP,2021-05-04,1.24,33.06451612903225,True
2.73,3.21,2.06,2.2,28999164,2020-07-23 05:00:00,ENTX,2020-07-23,1.91,42.93193717277487,True
4.65,7.87,3.97,4.04,361217340,2021-03-11 06:00:00,ENTX,2021-03-11,1.6,190.625,True
6.23,10.16,5.59,6.9,125744511,2021-03-12 06:00:00,ENTX,2021-03-12,4.04,54.207920792079214,True
13.1,19.6,9.5,9.7,34597168,2020-05-29 05:00:00,SNOA,2020-05-29,5.41,142.1441774491682,True
11.4,12.5,9.01,9.8,23770714,2020-07-29 05:00:00,SNOA,2020-07-29,6.46,76.47058823529413,True
13.11,15.19,8.46,8.76,61744555,2020-12-11 06:00:00,SNOA,2020-12-11,6.13,113.86623164763459,True
3.45,10.0,3.26,5.16,166088750,2020-11-10 06:00:00,GTEC,2020-11-10,2.34,47.43589743589745,True
9.19,11.4,7.71,8.29,66203155,2020-12-07 06:00:00,GTEC,2020-12-07,5.55,65.58558558558558,True
22.13,26.42,14.45,14.74,64139742,2021-02-18 06:00:00,GTEC,2021-02-18,7.55,193.11258278145692,True
1.28,1.5,1.02,1.16,92775403,2020-10-21 05:00:00,PLIN,2020-10-21,0.86,48.83720930232559,True
1.14,1.36,1.01,1.18,17080214,2020-11-12 06:00:00,PXS,2020-11-12,0.839,35.87604290822407,True
5.29,7.2,5.15,6.1,180604940,2021-03-24 05:00:00,APTO,2021-03-24,3.67,44.141689373297005,True
11.5,12.45,10.56,11.43,134186533,2020-08-26 05:00:00,FLDM,2020-08-26,8.79,30.83048919226395,True
8.77,14.52,4.41,4.88,31071025,2021-02-17 06:00:00,PETZ,2021-02-17,3.13,180.19169329073483,True
5.95,6.47,4.2303,4.295,47579472,2020-10-20 05:00:00,APTX,2020-10-20,3.66,62.56830601092896,True
11.02,12.59,8.38,9.78,6251599,2021-02-08 06:00:00,NMRD,2021-02-08,6.94,58.78962536023054,True
9.65,10.6,6.8,7.6,15553620,2020-08-07 05:00:00,ANPC,2020-08-07,5.49,75.77413479052824,True
8.09,8.48,6.35,7.14,40852059,2020-11-25 06:00:00,ANPC,2020-11-25,3.5,131.14285714285714,True
8.45,8.65,5.62,5.7,30961420,2020-12-14 06:00:00,ANPC,2020-12-14,4.22,100.23696682464454,True
9.98,12.09,7.52,8.61,43150567,2021-03-09 06:00:00,ANPC,2021-03-09,5.8,72.0689655172414,True
5.56,8.76,5.06,7.295,123616682,2020-06-25 05:00:00,EKSO,2020-06-25,3.1,79.3548387096774,True
9.99,10.74,8.26,8.77,36051516,2020-06-26 05:00:00,EKSO,2020-06-26,7.295,36.943111720356406,True
3.09,4.93,2.47,2.6,160000090,2020-10-07 05:00:00,AREC,2020-10-07,1.63,89.57055214723927,True
2.24,2.43,1.81,2.02,18790819,2020-11-24 06:00:00,AREC,2020-11-24,1.64,36.58536585365856,True
3.4,4.29,3.11,3.37,92957481,2021-02-02 06:00:00,AREC,2021-02-02,2.51,35.4581673306773,True
6.6,7.25,5.63,6.0,57553068,2021-02-05 06:00:00,AREC,2021-02-05,4.68,41.02564102564103,True
1.795,2.09,1.35,1.5,37963500,2020-08-31 05:00:00,UTSI,2020-08-31,1.38,30.072463768115945,True
1.93,2.54,1.55,1.69,28997644,2020-12-10 06:00:00,UTSI,2020-12-10,1.33,45.112781954887204,True
2.31,2.6799,1.9,2.15,107202789,2020-09-30 05:00:00,CTIC,2020-09-30,1.05,120.0,True
13.45,15.1499,12.71,13.95,40481651,2021-03-01 06:00:00,VACQ,2021-03-01,10.25,31.219512195121947,True
2.03,2.26,1.25,1.25,124244792,2020-07-08 05:00:00,AIHS,2020-07-08,0.8342,143.34691920402776,True
2.3,2.35,1.43,1.58,65757968,2020-07-09 05:00:00,AIHS,2020-07-09,1.25,83.99999999999999,True
0.887,1.07,0.7258,0.814,14151197,2020-08-03 05:00:00,AIHS,2020-08-03,0.6819,30.07772400645257,True
1.87,1.98,1.03,1.13,56144103,2020-10-20 05:00:00,AIHS,2020-10-20,1.41,32.624113475177325,True
44.1127,45.91,40.01,42.62,5803298,2020-12-21 06:00:00,AGIO,2020-12-21,33.21,32.82956940680516,True
4.98,5.4,2.54,2.78,6462810,2020-06-17 05:00:00,OPHC,2020-06-17,2.3457,112.3033636014836,True
4.15,4.94,3.04,3.7,3281113,2020-06-19 05:00:00,OPHC,2020-06-19,3.15,31.74603174603176,True
19.68,21.75,17.0,18.31,43565429,2021-02-11 06:00:00,MVIS,2021-02-11,14.0,40.57142857142857,True
5.75,6.24,2.8998,3.08,56921656,2020-08-03 05:00:00,DTSS,2020-08-03,1.94,196.39175257731958,True
3.33,5.75,3.16,3.55,84564024,2021-01-14 06:00:00,DTSS,2021-01-14,2.38,39.91596638655463,True
3.93,4.75,3.13,3.15,111389966,2020-10-12 05:00:00,LIZI,2020-10-12,2.65,48.30188679245284,True
4.39,5.909,3.83,4.79,229805930,2020-12-03 06:00:00,LIZI,2020-12-03,2.36,86.01694915254237,True
2.27,2.56,1.48,1.6,78420811,2021-02-25 06:00:00,DYNT,2021-02-25,1.28,77.34375,True
51.03,54.94,48.66,49.89,23897728,2020-12-08 06:00:00,SFIX,2020-12-08,35.83,42.4225509349707,True
2.52,2.69,2.07,2.15,159624803,2020-06-26 05:00:00,IBIO,2020-06-26,1.61,56.52173913043477,True
1.94,1.95,1.54,1.61,110410300,2021-05-07 05:00:00,IBIO,2021-05-07,1.38,40.579710144927546,True
9.11,19.38,7.12,17.66,147659020,2020-12-10 06:00:00,SLS,2020-12-10,6.39,42.56651017214398,True
11.75,13.15,8.6,9.4,40541048,2021-02-03 06:00:00,SLS,2021-02-03,8.18,43.64303178484108,True
5.85,7.35,4.65,5.85,169157950,2021-03-12 06:00:00,NLSP,2021-03-12,2.82,107.4468085106383,True
11.0,15.39,6.01,7.15,65019543,2020-06-11 05:00:00,WAFU,2020-06-11,2.22,395.4954954954954,True
7.64,9.24,6.25,7.18,20649431,2020-07-10 05:00:00,WAFU,2020-07-10,5.0,52.79999999999999,True
8.61,21.0,8.5,12.66,85653963,2021-03-26 05:00:00,WAFU,2021-03-26,4.75,81.26315789473684,True
7.0,7.38,5.74,7.34,87268080,2021-05-12 05:00:00,LHDX,2021-05-12,5.09,37.524557956778,True
2.11,2.31,1.5,1.52,142205820,2020-07-01 05:00:00,TTOO,2020-07-01,1.27,66.14173228346455,True
3.42,3.45,2.9389,3.1,83278769,2021-02-05 06:00:00,TTOO,2021-02-05,2.4,42.5,True
1.88,1.9,1.44,1.78,18248996,2020-09-24 05:00:00,NNDM,2020-09-24,1.43,31.468531468531467,True
0.9711,2.18,0.875,1.82,991106220,2020-08-20 05:00:00,GEVO,2020-08-20,0.547,77.53199268738571,True
8.86,11.68,8.5,11.03,149739350,2021-01-19 06:00:00,GEVO,2021-01-19,6.4,38.437499999999986,True
2.19,3.59,1.64,1.7,178788780,2020-06-10 05:00:00,CRIS,2020-06-10,1.22,79.50819672131148,True
5.47,7.9,5.2,6.55,326059000,2020-12-08 06:00:00,CRIS,2020-12-08,1.44,279.8611111111111,True
4.43,4.85,3.01,3.18,25843284,2020-08-14 05:00:00,CREG,2020-08-14,2.85,55.43859649122806,True
2.18,2.57,1.6,1.77,37315536,2020-08-18 05:00:00,FORD,2020-08-18,1.37,59.12408759124087,True
5.7465,5.7465,4.59,4.88,2802341,2021-02-16 06:00:00,FORD,2021-02-16,4.2,36.82142857142857,True
10.04,12.7699,7.8,11.07,113528936,2020-05-29 05:00:00,ADAP,2020-05-29,4.86,106.58436213991766,True
1.53,1.53,1.0,1.04,17414768,2020-07-14 05:00:00,ICON,2020-07-14,0.78,96.15384615384615,True
1.2173,1.36,1.0,1.13,29279821,2020-12-04 06:00:00,ICON,2020-12-04,0.877,38.802736602052455,True
3.04,3.14,2.23,2.27,76166085,2021-03-19 05:00:00,SNES,2021-03-19,1.68,80.95238095238095,True
16.4,18.44,14.8,17.745,1839411,2021-02-02 06:00:00,HOLUU,2021-02-02,10.8957,50.518094294079305,True
5.97,9.4,4.43,4.56,214918050,2021-01-21 06:00:00,BBIG,2021-01-21,1.54,287.6623376623377,True
4.05,5.26,2.75,2.87,67225345,2020-08-25 05:00:00,SGLB,2020-08-25,2.49,62.65060240963854,True
4.94,9.75,4.9,7.64,287818680,2021-03-15 05:00:00,SGLB,2021-03-15,3.34,47.90419161676649,True
1.45,1.75,1.0,1.04,188532910,2021-01-06 06:00:00,AIKI,2021-01-06,0.8525,70.08797653958943,True
17.05,28.4,17.01,25.87,1414072,2021-02-18 06:00:00,CAPAU,2021-02-18,10.9208,56.12409347300565,True
6.75,8.37,2.8,2.85,28313493,2020-06-12 05:00:00,CTIB,2020-06-12,2.27,197.35682819383263,True
5.34,5.97,3.24,3.3,49197870,2020-06-24 05:00:00,CTIB,2020-06-24,2.36,126.27118644067798,True
2.39,2.865,2.1,2.1,48102658,2020-11-17 06:00:00,CTIB,2020-11-17,1.81,32.04419889502763,True
4.13,5.0,2.88,2.94,181796130,2021-02-23 06:00:00,CTIB,2021-02-23,2.37,74.26160337552741,True
5.21,6.1,3.43,3.46,193963110,2020-10-01 05:00:00,SLDB,2020-10-01,2.03,156.65024630541873,True
4.82,6.11,3.095,3.75,15069448,2021-03-05 06:00:00,XTLB,2021-03-05,2.89,66.78200692041523,True
4.24,4.66,3.13,3.28,27002173,2020-06-03 05:00:00,SECO,2020-06-03,2.15,97.20930232558142,True
9.74,10.5099,9.06,9.49,5137247,2021-01-14 06:00:00,ORGO,2021-01-14,7.34,32.69754768392371,True
0.4526,0.5,0.373,0.3805,73538592,2020-12-24 06:00:00,BIOL,2020-12-24,0.3305,36.94402420574886,True
0.762,0.763,0.6667,0.6991,24152468,2021-05-14 05:00:00,BIOL,2021-05-14,0.58,31.379310344827598,True
2.9435,3.0,2.4,2.71,4884604,2020-06-02 05:00:00,ALNA,2020-06-02,2.21,33.19004524886877,True
19.4608,19.4608,14.78,15.39,13505454,2021-03-08 06:00:00,IMVT,2021-03-08,13.51,44.04737231680237,True
0.9,1.03,0.776,0.9587,6858390,2020-06-08 05:00:00,USWS,2020-06-08,0.6321,42.38253440911249,True
0.5785,0.6398,0.381,0.4367,48610602,2020-10-09 05:00:00,USWS,2020-10-09,0.3214,79.99377722464219,True
0.95,1.02,0.692,0.7731,90773203,2021-01-12 06:00:00,USWS,2021-01-12,0.52,82.69230769230768,True
2.31,2.85,2.1,2.41,31140697,2020-06-08 05:00:00,SPCB,2020-06-08,1.265,82.60869565217394,True
1.5782,1.65,1.14,1.21,45206949,2020-11-30 06:00:00,SPCB,2020-11-30,0.8558,84.41224585183456,True
2.94,2.95,2.04,2.24,145700320,2021-03-19 05:00:00,SPCB,2021-03-19,1.45,102.75862068965517,True
5.01,5.09,3.3401,3.39,115079851,2021-05-26 05:00:00,PIRS,2021-05-26,3.76,33.24468085106383,True
18.27,31.9,16.72,30.54,12016415,2020-11-05 06:00:00,ALTM,2020-11-05,10.03,82.15353938185444,True
9.59,12.18,8.05,8.96,14593033,2020-10-27 05:00:00,ISIG,2020-10-27,6.649293,44.225859801936835,True
7.7,9.31,6.9342,7.14,7948780,2020-11-02 06:00:00,ISIG,2020-11-02,5.8107,32.514154921093855,True
3.95,4.87,3.81,3.98,77474470,2020-12-07 06:00:00,ONCT,2020-12-07,2.66,48.49624060150376,True
20.13,33.0,18.0,22.7,95410172,2020-08-10 05:00:00,MCRB,2020-08-10,4.64,333.8362068965517,True
24.76,28.77,24.52,26.43,12951884,2020-09-14 05:00:00,SGMS,2020-09-14,18.97,30.521876647337916,True
25.32,46.2,23.52,29.28,18761142,2020-07-01 05:00:00,MDVL,2020-07-01,10.6188,138.44502203638828,True
32.16,34.56,19.68,22.08,6728439,2020-08-05 05:00:00,MDVL,2020-08-05,14.88,116.12903225806447,True
4.8263,4.85,3.26,3.92,4752187,2021-03-02 06:00:00,GEG,2021-03-02,3.45,39.8927536231884,True
157.35,160.03,155.98,156.31,22390519,2020-12-14 06:00:00,ALXN,2020-12-14,120.98,30.06282030087617,True
1.48,2.16,1.26,1.59,14671134,2020-09-29 05:00:00,GRNQ,2020-09-29,1.02,45.09803921568627,True
2.47,2.74,1.75,1.86,133050697,2020-10-05 05:00:00,GRNQ,2020-10-05,1.09,126.60550458715595,True
2.4,2.73,1.76,1.87,90121509,2020-12-28 06:00:00,GRNQ,2020-12-28,1.28,87.49999999999999,True
3.01,3.73,2.4,2.67,30360698,2021-01-08 06:00:00,GRNQ,2021-01-08,2.22,35.58558558558556,True
10.27,10.7,9.23,9.74,79786681,2021-04-09 05:00:00,AFMD,2021-04-09,7.89,30.164765525982258,True
3.53,4.88,3.28,4.34,119965945,2021-01-21 06:00:00,QTT,2021-01-21,2.69,31.2267657992565,True
2.31,5.92,2.17,5.75,295348490,2021-01-07 06:00:00,FTFT,2021-01-07,1.68,37.50000000000001,True
9.46,11.29,6.14,7.62,144072850,2021-01-08 06:00:00,FTFT,2021-01-08,5.75,64.5217391304348,True
439.51,478.0,410.68,457.69,53346788,2020-09-01 05:00:00,ZM,2020-09-01,325.1,35.19224853891109,True
19.0,19.4,17.71,17.975,3776497,2020-07-08 05:00:00,XENT,2020-07-08,13.89,36.78905687544996,True
3.54,4.89,2.79,2.89,127789824,2021-01-20 06:00:00,CLBS,2021-01-20,1.63,117.17791411042946,True
2.33,2.34,1.71,1.79,207315030,2021-01-22 06:00:00,ADMP,2021-01-22,1.27,83.46456692913385,True
6.47,6.75,5.06,5.25,52354350,2021-03-01 06:00:00,ASLN,2021-03-01,4.43,46.04966139954853,True
16.07,158.07,12.15,57.1,19193162,2020-12-09 06:00:00,GLSI,2020-12-09,5.1987,209.11574047357996,True
86.0,128.0,67.26,72.22,9342196,2020-12-10 06:00:00,GLSI,2020-12-10,57.1,50.61295971978984,True
1.6128,1.82,1.3648,1.518,10192202,2020-12-03 06:00:00,SXTC,2020-12-03,1.226,31.54975530179446,True
2.85,2.99,2.37,2.61,31520242,2020-07-28 05:00:00,SNGX,2020-07-28,2.13,33.80281690140846,True
6.6,7.19,5.1,5.58,55021098,2021-02-26 06:00:00,LIXT,2021-02-26,3.77,75.06631299734747,True
5.6973,6.35,5.22,5.48,16613321,2020-08-07 05:00:00,True,2020-08-07,4.29,32.80419580419581,True
2.56,3.15,1.26,1.39,18510306,2020-07-15 05:00:00,MOGO,2020-07-15,0.925,176.75675675675674,True
2.31,2.46,1.71,1.89,70859247,2020-11-06 06:00:00,MOGO,2020-11-06,1.34,72.38805970149254,True
3.55,3.55,2.53,2.67,104663603,2020-08-20 05:00:00,OPGN,2020-08-20,2.05,73.17073170731707,True
198.65,213.05,194.07,197.01,5019834,2021-01-19 06:00:00,COHR,2021-01-19,151.95,30.733794011187904,True
6.5,12.17,5.9,6.99,29917270,2020-07-31 05:00:00,TLSA,2020-07-31,4.948,31.366208569118825,True
4.98,4.99,4.21,4.54,4491320,2021-02-02 06:00:00,TLSA,2021-02-02,3.82,30.366492146596876,True
5.7135,8.1,5.25,6.62,55651418,2021-01-04 06:00:00,NCTY,2021-01-04,3.54,61.39830508474575,True
21.7,27.82,16.1,17.1,34589432,2021-01-07 06:00:00,NCTY,2021-01-07,14.89,45.73539288112826,True
6.87,6.92,4.755,5.03,60763199,2020-08-11 05:00:00,EYEN,2020-08-11,3.64,88.73626373626374,True
1.05,1.0999,0.9215,0.9367,2954020,2020-06-08 05:00:00,CTHR,2020-06-08,0.7902,32.87775246772969,True
1.37,1.72,1.27,1.42,75828462,2020-07-27 05:00:00,MARA,2020-07-27,1.04,31.730769230769237,True
3.11,4.79,2.84,3.83,225520810,2020-08-03 05:00:00,MARA,2020-08-03,2.03,53.20197044334976,True
4.44,4.45,2.46,2.89,9988052,2020-06-12 05:00:00,KBSF,2020-06-12,2.2,101.81818181818183,True
0.51,0.58,0.46,0.505,4087638,2020-06-08 05:00:00,TRCH,2020-06-08,0.3919,30.135238581270727,True
0.4198,0.4198,0.321,0.3253,6910506,2020-08-13 05:00:00,TRCH,2020-08-13,0.31,35.41935483870968,True
4.21,4.83,3.9,4.29,259900790,2021-02-16 06:00:00,TRCH,2021-02-16,2.85,47.719298245614034,True
0.795,0.82,0.6565,0.7222,18728674,2020-07-01 05:00:00,NMTR,2020-07-01,0.5729,38.7676732414034,True
0.8872,1.11,0.7822,0.844,185826070,2020-08-19 05:00:00,NMTR,2020-08-19,0.65,36.49230769230768,True
21.45,23.4,17.7,20.85,6239802,2020-07-21 05:00:00,ONTX,2020-07-21,16.35,31.192660550458697,True
5.6835,6.66,5.025,5.5875,8971228,2020-12-01 06:00:00,ONTX,2020-12-01,4.35,30.655172413793125,True
9.153,10.785,6.78,7.575,12030080,2020-12-23 06:00:00,ONTX,2020-12-23,6.432,42.30410447761194,True
20.55,20.85,17.25,18.0,4878452,2021-02-09 06:00:00,ONTX,2021-02-09,15.3,34.31372549019608,True
1.24,1.42,0.745,0.76,56958821,2020-06-11 05:00:00,CSCW,2020-06-11,0.5724,116.63172606568831,True
1.15,1.24,0.754,0.8462,18847580,2020-06-24 05:00:00,CSCW,2020-06-24,0.6825,68.49816849816848,True
2.36,2.67,1.73,1.82,226659520,2021-03-30 05:00:00,CSCW,2021-03-30,1.34,76.11940298507461,True
4.8,6.24,3.6,3.9552,43729480,2021-01-06 06:00:00,GHSI,2021-01-06,3.3,45.45454545454546,True
11.96,13.5,4.32,4.78,5533538,2020-06-17 05:00:00,BTX,2020-06-17,9.0,32.8888888888889,True
5.94,15.52,5.62,8.5,104156003,2020-08-13 05:00:00,BTX,2020-08-13,3.7,60.54054054054055,True
8.35,8.53,5.8,6.07,44567763,2021-04-06 05:00:00,BTX,2021-04-06,4.67,78.80085653104925,True
71.0,80.67,57.6301,78.5,31992978,2021-05-03 05:00:00,BTX,2021-05-03,49.8,42.570281124498,True
24.04,24.21,23.51,23.72,86728082,2021-01-06 06:00:00,CHNG,2021-01-06,18.24,31.798245614035096,True
20.94,21.75,15.65,16.1,2699508,2021-01-25 06:00:00,TSIAU,2021-01-25,11.32,84.98233215547704,True
3.52,5.94,3.35,3.96,74229628,2020-06-01 05:00:00,AESE,2020-06-01,2.45,43.67346938775509,True
3.26,3.3,2.421,2.91,15160130,2020-06-18 05:00:00,AESE,2020-06-18,2.08,56.73076923076921,True
16.31,16.66,14.62,16.35,14611415,2021-02-03 06:00:00,VCVC,2021-02-03,10.94,49.08592321755027,True
2.28,3.86,1.94,3.0,154835610,2021-02-16 06:00:00,LKCO,2021-02-16,1.59,43.39622641509432,True
1.41,1.66,1.29,1.65,35452196,2021-03-15 05:00:00,LKCO,2021-03-15,1.06,33.01886792452829,True
0.399,1.0,0.34901,0.52,20586226,2021-04-15 05:00:00,VENAR,2021-04-15,0.220001,81.36281198721825,True
2.53,2.61,1.76,1.76,74648193,2020-11-02 06:00:00,DBVT,2020-11-02,1.43,76.92307692307692,True
5.3211,5.9,4.98,5.66,17181875,2021-01-15 06:00:00,DBVT,2021-01-15,3.74,42.275401069518715,True
7.37,7.38,6.12,6.57,4750990,2021-01-19 06:00:00,DBVT,2021-01-19,5.66,30.212014134275616,True
0.325,0.5652,0.311,0.43,563040360,2020-12-23 06:00:00,ACST,2020-12-23,0.25,30.000000000000004,True
0.5669,0.6198,0.4661,0.4718,96519404,2021-05-07 05:00:00,ACST,2021-05-07,0.405,39.97530864197529,True
0.77,0.82,0.7011,0.8199,1621203,2020-06-08 05:00:00,CBAT,2020-06-08,0.5452,41.232575201760824,True
3.5,3.75,1.94,2.45,198508980,2020-09-25 05:00:00,CBAT,2020-09-25,1.35,159.25925925925924,True
5.28,7.02,5.17,6.15,92887702,2020-11-13 06:00:00,CBAT,2020-11-13,3.97,32.99748110831234,True
8.77,8.8,7.31,7.72,39277187,2021-01-07 06:00:00,CBAT,2021-01-07,6.4,37.031249999999986,True
29.56,31.4,14.01,14.13,26665941,2020-07-15 05:00:00,JRJC,2020-07-15,7.31,304.37756497948016,True
6.97,10.0,5.53,5.8,55545641,2020-06-15 05:00:00,EDSA,2020-06-15,2.9,140.3448275862069,True
15.18,19.1,8.7301,9.45,45808583,2020-07-30 05:00:00,EDSA,2020-07-30,5.2,191.9230769230769,True
8.92,9.0999,7.0,7.48,16477629,2021-01-26 06:00:00,EDSA,2021-01-26,5.53,61.3019891500904,True
3.32,3.5,2.85,3.03,34411576,2020-09-15 05:00:00,PSTV,2020-09-15,2.44,36.065573770491795,True
20.397,25.46,19.68,21.32,18154661,2020-08-10 05:00:00,OMER,2020-08-10,14.13,44.3524416135881,True
1.47,1.63,1.13,1.19,47089748,2020-06-30 05:00:00,ATHE,2020-06-30,0.585,151.2820512820513,True
3.8,5.15,3.18,3.43,110116666,2020-08-04 05:00:00,ATHE,2020-08-04,1.35,181.48148148148144,True
2.91,3.58,2.44,2.83,115226781,2020-11-16 06:00:00,ATHE,2020-11-16,1.15,153.0434782608696,True
1.16,1.4,1.04,1.13,14178174,2020-07-07 05:00:00,FTEK,2020-07-07,0.8841,31.206877050107448,True
1.07,2.05,1.07,1.25,159189350,2020-11-11 06:00:00,FTEK,2020-11-11,0.761,40.60446780551906,True
6.07,7.04,4.33,6.04,142991050,2020-11-24 06:00:00,FTEK,2020-11-24,2.82,115.24822695035463,True
4.11,15.0,2.6115,8.8,109834256,2020-07-30 05:00:00,TAOP,2020-07-30,2.0394,101.5298617240365,True
9.85,10.81,7.8,8.74,27705172,2021-03-10 06:00:00,MNOV,2021-03-10,5.68,73.41549295774648,True
2.848,2.944,2.56,2.696,23953331,2020-06-05 05:00:00,SHIP,2020-06-05,2.184,30.40293040293039,True
2.43,2.63,2.06,2.22,84468360,2020-11-27 06:00:00,WORX,2020-11-27,1.25,94.4,True
2.26,2.27,1.78,1.95,16893935,2021-01-08 06:00:00,WORX,2021-01-08,1.58,43.037974683544284,True
6.35,7.89,4.6,4.95,14404133,2021-04-20 05:00:00,MYMD,2021-04-20,4.465,42.21724524076147,True
18.17,19.28,16.86,18.25,1235307,2021-01-08 06:00:00,VIHAU,2021-01-08,11.06,64.28571428571429,True
6.8,10.0,5.27,6.22,10479575,2020-12-21 06:00:00,CCRC,2020-12-21,4.95,37.37373737373737,True
2.75,3.13,1.87,2.01,142585180,2020-06-22 05:00:00,SINT,2020-06-22,0.7728,255.84886128364383,True
2.98,3.3,2.05,2.17,54212304,2020-09-25 05:00:00,SGBX,2020-09-25,1.52,96.05263157894737,True
3.63,3.83,2.61,2.73,61429536,2020-10-16 05:00:00,SGBX,2020-10-16,2.02,79.70297029702971,True
7.43,7.5,5.58,5.71,10900099,2020-10-14 05:00:00,NOVN,2020-10-14,4.6,61.52173913043479,True
4.21,4.95,3.04,3.6,12925993,2020-08-03 05:00:00,HIHO,2020-08-03,2.63,60.07604562737643,True
35.1,35.3,31.12,33.37,3010900,2020-07-01 05:00:00,AKRO,2020-07-01,24.92,40.85072231139647,True
16.0,22.97,7.8,8.39,59201723,2020-06-17 05:00:00,CARV,2020-06-17,2.41,563.9004149377593,True
15.79,16.0,6.04,6.21,18061194,2020-06-30 05:00:00,CARV,2020-06-30,5.87,168.99488926746162,True
2.855,2.86,2.23,2.36,63350168,2021-04-14 05:00:00,GALT,2021-04-14,2.165,31.87066974595843,True
3.74,4.23,2.16,2.31,11956217,2020-08-11 05:00:00,PRPH,2020-08-11,1.64,128.04878048780492,True
15.5,18.42,14.03,14.6,39183769,2021-03-17 05:00:00,IMTX,2021-03-17,11.63,33.276010318142724,True
1.34,2.15,1.28,2.08,386097460,2021-03-29 05:00:00,SEAC,2021-03-29,1.03,30.097087378640783,True
0.941,1.22,0.771,0.8085,107821786,2020-12-14 06:00:00,TLGT,2020-12-14,0.6306,49.2229622581668,True
2.93,3.5,2.12,2.21,6583463,2020-07-07 05:00:00,NAOV,2020-07-07,2.07,41.54589371980678,True
1.09,1.48,1.07,1.2,220012390,2020-09-22 05:00:00,NAOV,2020-09-22,0.5898,84.8084096303832,True
1.79,2.34,1.01,1.1,177654560,2020-12-02 06:00:00,NAOV,2020-12-02,0.7089,152.50387924954157,True
1.55,2.2,1.21,1.29,13208363,2020-06-15 05:00:00,HGSH,2020-06-15,0.75,106.66666666666667,True
1.28,1.44,0.8904,1.03,1038906,2020-09-02 05:00:00,HGSH,2020-09-02,0.5833,119.44111092062403,True
4.03,5.4,2.5,2.58,122530826,2020-12-04 06:00:00,HGSH,2020-12-04,1.76,128.97727272727275,True
3.91,4.69,3.25,3.66,25989512,2020-07-22 05:00:00,OBLG,2020-07-22,2.5,56.4,True
2.93,2.95,2.2,2.34,1290739,2020-08-24 05:00:00,OBLG,2020-08-24,2.22,31.981981981981978,True
0.6646,0.7595,0.55,0.62,26298328,2020-06-08 05:00:00,IDEX,2020-06-08,0.4701,41.37417570729631,True
1.02,1.44,0.84,1.02,107215390,2020-06-09 05:00:00,IDEX,2020-06-09,0.62,64.51612903225806,True
2.09,2.88,2.08,2.62,281082810,2020-11-23 06:00:00,IDEX,2020-11-23,1.54,35.7142857142857,True
3.95,4.75,2.21,3.15,351923500,2020-11-24 06:00:00,IDEX,2020-11-24,2.62,50.76335877862595,True
3.57,3.68,2.86,3.13,108617424,2020-08-10 05:00:00,TRVN,2020-08-10,2.38,50.0,True
20.31,20.65,17.07,18.45,14706357,2021-01-29 06:00:00,PSAC,2021-01-29,15.43,31.62670123136746,True
23.65,24.97,19.1,22.98,32274366,2020-12-03 06:00:00,LAZR,2020-12-03,18.0,31.388888888888882,True
12.54,17.0,12.06,13.17,9435400,2021-01-21 06:00:00,IPWR,2021-01-21,9.11,37.65093304061471,True
4.69,4.75,3.83,4.04,124144837,2021-03-03 06:00:00,OVID,2021-03-03,2.96,58.445945945945965,True
8.14,8.78,6.37,6.87,27023547,2021-03-22 05:00:00,DYAI,2021-03-22,5.33,52.720450281425904,True
2.15,2.22,1.61,1.725,8767657,2020-06-17 05:00:00,ACRS,2020-06-17,1.48,45.270270270270274,True
14.05,19.95,13.29,18.83,114362153,2021-01-19 06:00:00,ACRS,2021-01-19,5.88,138.94557823129256,True
8.05,12.92,6.82,7.8,51761994,2020-07-27 05:00:00,WHLM,2020-07-27,3.735,115.52878179384207,True
8.92,10.45,6.54,6.96,16770264,2021-04-12 05:00:00,WHLM,2021-04-12,5.2526,69.82066024445035,True
40.53,45.0,27.53,33.5,35138295,2021-02-09 06:00:00,KALV,2021-02-09,15.61,159.64125560538116,True
6.45,7.5,4.4,4.57,44502401,2020-07-01 05:00:00,QLGN,2020-07-01,3.97,62.46851385390428,True
3.69,3.71,2.82,2.87,88288921,2020-08-24 05:00:00,ADMA,2020-08-24,2.52,46.42857142857143,True
9.73,10.11,7.86,8.12,26963891,2021-04-29 05:00:00,GRTX,2021-04-29,6.61,47.20121028744327,True
3.04,6.45,2.96,3.41,94156500,2020-11-05 06:00:00,HOFV,2020-11-05,1.9,60.00000000000001,True
3.075,3.27,2.33,2.49,21161527,2020-11-13 06:00:00,HOFV,2020-11-13,2.04,50.735294117647065,True
7.25,7.64,5.51,5.6,229851500,2021-03-24 05:00:00,HOFV,2021-03-24,4.03,79.90074441687345,True
15.0,16.89,13.54,16.29,37833381,2021-02-02 06:00:00,HOL,2021-02-02,10.34,45.06769825918762,True
2.82,2.99,2.31,2.46,45116583,2020-07-21 05:00:00,NBEV,2020-07-21,1.74,62.068965517241374,True
62.5,75.0,15.5,15.82,3668497,2020-06-10 05:00:00,DUO,2020-06-10,47.06,32.80917977050573,True
16.27,17.0,14.59,16.48,4947681,2021-01-08 06:00:00,VIH,2021-01-08,10.41,56.292026897214214,True
20.0,20.2,12.35,13.59,1889294,2020-08-24 05:00:00,LMNL,2020-08-24,13.74,45.56040756914119,True
0.6983,0.9,0.5005,0.61,649335800,2021-01-28 06:00:00,CTRM,2021-01-28,0.5315,31.382878645343382,True
1.59,1.95,1.4,1.73,605006640,2021-02-11 06:00:00,CTRM,2021-02-11,1.19,33.613445378151276,True
3.37,3.4184,3.05,3.05,13429647,2021-05-28 05:00:00,CTRM,2021-05-28,0.3585,840.0278940027895,True
1.7,2.38,1.07,1.15,10074825,2020-06-11 05:00:00,MTSL,2020-06-11,1.3,30.769230769230763,True
5.48,5.68,3.75,3.86,94781970,2021-04-16 05:00:00,MTSL,2021-04-16,2.87,90.94076655052267,True
6.5535,9.36,6.55,8.42,20386086,2021-01-08 06:00:00,CMRX,2021-01-08,4.98,31.596385542168655,True
1.89,2.05,1.63,1.7,128588166,2020-11-03 06:00:00,BBGI,2020-11-03,1.24,52.419354838709666,True
4.805,6.04,1.37,1.47,47780632,2020-06-12 05:00:00,CHNR,2020-06-12,0.954,403.6687631027254,True
2.26,3.09,2.18,2.33,23674990,2021-01-19 06:00:00,CHNR,2021-01-19,1.71,32.16374269005847,True
0.5236,0.548,0.37,0.38,54510494,2020-09-10 05:00:00,JAGX,2020-09-10,0.3499,49.64275507287796,True
0.5764,0.729,0.4307,0.458,268841910,2020-12-01 06:00:00,JAGX,2020-12-01,0.3499,64.73278079451272,True
0.7627,1.29,0.6333,1.07,657042640,2020-12-23 06:00:00,JAGX,2020-12-23,0.3958,92.69833249115716,True
1.86,1.95,1.55,1.87,34000209,2020-06-08 05:00:00,TELL,2020-06-08,1.205,54.356846473029044,True
2.19,2.78,1.73,1.85,65801700,2020-07-23 05:00:00,YVR,2020-07-23,1.6,36.874999999999986,True
1.62,1.72,1.08,1.13,57693797,2020-10-20 05:00:00,UXIN,2020-10-20,1.19,36.13445378151262,True
1.1,1.14,0.89,0.96,39509726,2020-12-16 06:00:00,NVCN,2020-12-16,0.78,41.025641025641036,True
