open,high,low,close,volume,datetime,symbol,date_only,close_yesterday,gap_percent,max_up_percent,max_down_percent,daily_open,daily_high,daily_high_time,daily_high_touch,daily_low,daily_low_time,daily_low_touch,daily_close,first_15_open,first_15_high,first_15_high_time,first_15_high_touch,first_15_low,first_15_low_time,first_15_low_touch,first_15_close,945_close_open,945_close_high,945_close_high_time,945_close_high_touch,945_close_low,945_close_low_time,945_close_low_touch,945_close_close,DATA_MISSING_STATS,DATA_MISSING_5MIN,max_down_15_close,max_gain_15_close,first_15_low_is_lowest_of_day
25.95,26.25,23.35,25.02,24262437,2021-03-09 06:00:00,ACAD,2021-03-09,45.78,-43.31585845347313,1.1560693641618525,10.019267822736024,24.5,26.25,09:30:00,1.0,23.35,10:30:00,1.0,24.79,24.5,26.25,09:30:00,1.0,23.65,09:45:00,1.0,24.24,24.26,25.06,16:00:00,1.0,23.35,10:30:00,1.0,24.79,,,0.0367161716171616,0.03382838283828384,True
2.1,2.28,2.06,2.13,19557816,2021-08-26 05:00:00,ADTX,2021-08-26,3.04,-30.92105263157895,8.571428571428557,1.9047619047619064,2.165,2.28,09:40:00,1.0,2.06,10:00:00,1.0,2.12,2.165,2.28,09:40:00,1.0,2.08,09:30:00,1.0,2.21,2.21,2.25,09:45:00,1.0,2.06,10:00:00,1.0,2.12,,,0.06787330316742078,0.018099547511312233,True
1.22,1.52,1.2,1.39,8844738,2021-11-12 06:00:00,ADTX,2021-11-12,1.81,-32.59668508287293,24.59016393442624,1.6393442622950836,1.2759,1.52,09:50:00,1.0,1.2,09:30:00,1.0,1.38,1.2759,1.4692,09:45:00,1.0,1.2,09:30:00,1.0,1.43,1.43,1.52,09:50:00,1.0,1.36,09:45:00,3.0,1.38,,,0.04895104895104884,0.062937062937063,False
4.34,4.46,3.78,3.83,39390945,2021-04-29 05:00:00,ADVM,2021-04-29,10.16,-57.28346456692913,2.7649769585253483,12.903225806451616,4.33,4.46,09:35:00,1.0,3.78,15:40:00,1.0,3.87,4.33,4.46,09:35:00,1.0,4.08,09:40:00,2.0,4.08,4.09,4.18,10:10:00,1.0,3.78,15:40:00,1.0,3.87,,,0.07352941176470594,0.02450980392156854,True
4.0,4.22,3.95,4.16,10366790,2021-05-11 05:00:00,AEI,2021-05-11,6.34,-36.90851735015773,5.499999999999994,1.2499999999999956,4.0004,4.22,15:05:00,2.0,3.95,09:30:00,1.0,4.17,4.0004,4.19,09:35:00,1.0,3.95,09:30:00,1.0,3.9897,3.98,4.22,15:05:00,2.0,3.96,09:45:00,3.0,4.17,,,0.00744416873449133,0.05772363836879959,False
2.21,2.32,2.16,2.21,13046779,2021-07-28 05:00:00,AEI,2021-07-28,3.41,-35.19061583577713,4.977375565610855,2.262443438914019,2.275,2.32,09:35:00,1.0,2.16,12:50:00,1.0,2.2,2.275,2.32,09:35:00,1.0,2.19,09:30:00,1.0,2.265,2.265,2.29,09:50:00,1.0,2.16,12:50:00,1.0,2.2,,,0.04635761589403972,0.011037527593818946,True
4.75,4.9,3.65,4.61,3694807,2021-07-08 05:00:00,AGRI,2021-07-08,7647.1,-99.93788494985029,3.157894736842113,23.15789473684211,3.8,4.9,10:45:00,1.0,3.65,10:55:00,1.0,4.75,,,,,,,,,3.8,4.9,10:45:00,1.0,3.65,10:55:00,1.0,4.75,True,,,,False
3.06,3.27,2.79,2.86,18752887,2021-05-05 05:00:00,AHT,2021-05-05,30.1,-89.83388704318938,6.862745098039214,8.823529411764707,2.9589,3.27,11:40:00,2.0,2.81,15:20:00,1.0,2.86,2.9589,3.07,09:45:00,1.0,2.88,09:35:00,1.0,3.015,3.02,3.27,11:40:00,2.0,2.81,15:20:00,1.0,2.86,,,0.06799336650082921,0.08457711442786066,True
15.97,16.0115,13.13,13.13,24501756,2021-10-08 05:00:00,ALLO,2021-10-08,24.38,-34.4954881050041,0.2598622417031996,17.78334376956794,14.855,16.05,09:30:00,1.0,13.13,16:00:00,1.0,13.2,14.855,16.05,09:30:00,1.0,14.0,09:40:00,2.0,14.448,14.42,14.59,09:50:00,1.0,13.13,16:00:00,1.0,13.2,,,0.0912236987818383,0.009828349944628978,True
10.705,11.5,9.6,9.85,18633358,2021-06-30 05:00:00,ALT,2021-06-30,15.9,-32.672955974842765,7.426436244745446,10.32227930873424,10.8545,11.5,09:45:00,1.0,9.6,14:05:00,1.0,9.9,10.8545,11.5,09:45:00,1.0,10.46,09:35:00,1.0,11.1,11.08,11.5,09:45:00,1.0,9.6,14:05:00,1.0,9.9,,,0.13513513513513514,0.03603603603603607,True
11.98,16.5,6.51,8.63,591223928,2021-01-28 06:00:00,AMC,2021-01-28,19.9,-39.79899497487436,37.72954924874791,45.659432387312194,13.56,16.5,09:40:00,2.0,6.51,11:25:00,1.0,9.22,13.56,16.5,09:40:00,2.0,11.5,09:30:00,1.0,13.815,13.85,16.5,09:45:00,1.0,6.51,11:25:00,1.0,9.22,,,0.5287730727470141,0.1943539630836048,True
18.5,20.4,18.25,19.51,7503958,2021-03-08 06:00:00,ANAB,2021-03-08,29.47,-37.224295894129625,10.270270270270265,1.351351351351351,18.56,20.4,09:40:00,1.0,18.25,09:30:00,1.0,19.16,18.56,20.4,09:40:00,1.0,18.25,09:30:00,1.0,19.3364,19.41,20.1,11:40:00,1.0,18.64,10:00:00,1.0,19.16,,,0.036014976934693146,0.03949028774746076,False
3.9,4.203,3.84,3.86,2982944,2021-10-27 05:00:00,ANGN,2021-10-27,8.69,-55.12082853855005,7.76923076923078,1.53846153846154,3.96,4.203,10:15:00,1.0,3.84,15:50:00,2.0,3.86,3.96,4.0738,09:40:00,1.0,3.86,09:35:00,1.0,4.02,4.0171,4.203,10:15:00,1.0,3.84,15:50:00,2.0,3.86,,,0.04477611940298501,0.04552238805970168,True
36.01,36.43,27.5,34.93,30877958,2021-09-10 05:00:00,APLS,2021-09-10,55.61,-35.24545944973926,1.1663426825881749,23.63232435434601,34.9796,36.43,09:30:00,1.0,27.5,11:10:00,1.0,34.75,34.9796,36.43,09:30:00,1.0,33.33,09:40:00,1.0,33.83,33.855,35.4115,15:45:00,1.0,27.5,11:10:00,1.0,34.75,,,0.187112030741945,0.04674844812296773,True
2.03,2.15,1.81,2.01,140815630,2021-07-20 05:00:00,ARDX,2021-07-20,7.7,-73.63636363636364,5.91133004926109,10.83743842364531,2.045,2.15,09:30:00,1.0,1.81,10:15:00,2.0,1.99,2.045,2.15,09:30:00,1.0,1.95,09:45:00,1.0,1.95,1.95,2.07,15:05:00,1.0,1.81,10:15:00,2.0,1.99,,,0.07179487179487175,0.06153846153846148,True
5.17,5.57,4.81,5.49,9971009,2021-08-09 05:00:00,ATER,2021-08-09,8.23,-37.181044957472665,7.73694390715668,6.963249516441011,5.0898,5.57,14:25:00,1.0,4.81,09:35:00,4.0,5.5,5.0898,5.45,09:30:00,1.0,4.81,09:35:00,3.0,4.88,4.88,5.57,14:25:00,1.0,4.81,09:45:00,2.0,5.5,,,0.014344262295082027,0.1413934426229509,False
10.47,11.74,9.7,11.15,30119372,2021-06-18 05:00:00,ATHA,2021-06-18,18.24,-42.59868421052631,12.129894937917856,7.354345749761236,10.37,11.74,12:30:00,3.0,9.7,09:40:00,1.0,11.15,10.37,10.81,09:30:00,1.0,9.7,09:40:00,1.0,10.245,10.25,11.74,12:30:00,3.0,9.95,09:45:00,1.0,11.15,,,0.028794533918984865,0.1459248413860421,False
5.45,6.15,5.24,5.46,47987262,2021-03-01 06:00:00,ATNX,2021-03-01,12.1,-54.95867768595041,12.84403669724771,3.853211009174311,5.7699,6.15,09:40:00,1.0,5.24,09:30:00,1.0,5.52,5.7699,6.15,09:40:00,1.0,5.24,09:30:00,1.0,5.91,5.915,6.09,10:45:00,1.0,5.36,15:30:00,1.0,5.52,,,0.09306260575296105,0.030456852791878125,False
2.29,3.1,2.22,3.02,5852598,2021-06-14 05:00:00,ATXI,2021-06-14,4.21,-45.60570071258908,35.37117903930131,3.056768558951958,2.3991,3.1,12:40:00,1.0,2.22,09:30:00,2.0,3.01,2.3991,2.46,09:35:00,1.0,2.22,09:30:00,1.0,2.29,2.3,3.1,12:40:00,1.0,2.22,09:50:00,1.0,3.01,,,0.03056768558951958,0.3537117903930131,False
11.2,16.63,10.76,13.82,129166945,2021-10-19 05:00:00,AVIR,2021-10-19,40.6,-72.41379310344827,48.48214285714286,3.928571428571424,11.39,16.63,10:45:00,1.0,10.76,09:30:00,1.0,13.99,11.39,12.18,09:45:00,1.0,10.76,09:30:00,1.0,12.04,12.0313,16.63,10:45:00,1.0,11.52,09:45:00,1.0,13.99,,,0.04318936877076409,0.3812292358803987,False
33.0,35.0,27.3,27.37,10971232,2021-08-09 05:00:00,AXSM,2021-08-09,51.16,-35.49648162627052,6.0606060606060606,17.27272727272727,32.63,35.0,09:30:00,1.0,27.3,15:45:00,1.0,27.5,32.63,35.0,09:30:00,1.0,31.0,09:45:00,1.0,31.55,31.57,32.13,09:45:00,1.0,27.3,15:45:00,1.0,27.5,,,0.1347068145800317,0.01838351822503968,True
5.66,5.7,4.86,4.91,5997020,2021-07-29 05:00:00,BCEL,2021-07-29,8.21,-31.05968331303289,0.7067137809187285,14.134275618374556,5.407,5.7,09:45:00,1.0,4.86,15:55:00,1.0,4.94,5.407,5.7,09:45:00,1.0,5.3,09:30:00,1.0,5.64,5.6201,5.7,09:45:00,1.0,4.86,15:55:00,1.0,4.94,,,0.13829787234042543,0.010638297872340514,True
1.13,1.24,0.8531,0.94,35037400,2021-10-27 05:00:00,BIMI,2021-10-27,2.21,-48.86877828054299,9.734513274336294,24.504424778761056,1.17,1.24,09:30:00,1.0,0.8531,10:20:00,1.0,0.91,1.17,1.24,09:30:00,1.0,0.971,09:40:00,1.0,1.0209,1.0201,1.07,09:45:00,1.0,0.8531,10:20:00,1.0,0.91,,,0.16436477617788223,0.04809481829758071,True
1.15,1.18,1.01,1.03,32313808,2021-07-16 05:00:00,BTB,2021-07-16,2.0,-42.50000000000001,2.608695652173916,12.173913043478253,1.13,1.18,09:30:00,2.0,1.01,11:30:00,1.0,1.05,1.13,1.18,09:30:00,2.0,1.08,09:45:00,1.0,1.11,1.1,1.15,09:45:00,1.0,1.01,11:30:00,1.0,1.05,,,0.09009009009009017,0.03603603603603586,True
0.91,1.22,0.811,1.0,9902988,2021-01-11 06:00:00,BTCS,2021-01-11,1.34,-32.08955223880597,34.06593406593406,10.879120879120878,,,,,,,,,,,,,,,,,,,,,,,,,,1.0,,,False
5.86,6.34,4.79,4.93,24506649,2021-12-01 06:00:00,BYSI,2021-12-01,12.77,-54.11119812059514,8.191126279863473,18.259385665529013,,,,,,,,,,,,,,,,,,,,,,,,,,1.0,,,False
1.0779,1.08,0.835,0.8628,21769017,2021-11-05 05:00:00,CALA,2021-11-05,1.9,-43.26842105263157,0.1948232674645134,22.534557936728834,0.9951,1.08,09:30:00,1.0,0.835,15:40:00,1.0,0.8599,0.9951,1.08,09:30:00,1.0,0.9601,09:30:00,1.0,0.9762,0.97615,0.9794,09:45:00,1.0,0.835,15:40:00,1.0,0.8599,,,0.14464249129276788,0.0032780167998361933,True
14.5763,16.18,13.85,14.07,11692945,2021-04-29 05:00:00,CARA,2021-04-29,25.79,-43.48080651415277,11.00210615862736,4.982745964339374,15.35,16.18,09:35:00,1.0,13.85,11:40:00,1.0,14.1,15.35,16.18,09:35:00,1.0,14.01,09:30:00,1.0,15.345,15.345,15.565,09:50:00,1.0,13.85,11:40:00,1.0,14.1,,,0.09742587161942007,0.01433691756272394,True
2.0,2.05,1.66,1.71,6025325,2021-11-12 06:00:00,CBIO,2021-11-12,2.94,-31.972789115646258,2.499999999999991,17.000000000000004,1.9763,2.05,09:30:00,1.0,1.66,15:45:00,2.0,1.71,1.9763,2.05,09:30:00,1.0,1.85,09:35:00,1.0,1.89,1.8999,1.91,09:45:00,1.0,1.66,15:45:00,2.0,1.71,,,0.12169312169312169,0.010582010582010592,True
12.02,12.15,9.55,10.46,41433872,2021-05-07 05:00:00,CCXI,2021-05-07,27.49,-56.27500909421608,1.081530782029957,20.54908485856904,11.035,12.15,11:15:00,1.0,9.55,10:00:00,1.0,10.54,11.035,12.08,09:30:00,1.0,10.06,09:35:00,1.0,10.36,10.39,12.15,11:15:00,1.0,9.55,10:00:00,1.0,10.54,,,0.07818532818532807,0.17277992277992288,True
1.46,1.69,1.33,1.39,22768527,2021-01-29 06:00:00,CEI,2021-01-29,2.09,-30.143540669856456,15.753424657534246,8.904109589041088,,,,,,,,,,,,,,,,,,,,,,,,,,1.0,,,False
6.16,7.7,5.9,7.505,7123756,2021-02-01 06:00:00,CNCE,2021-02-01,10.47,-41.16523400191022,25.0,4.220779220779217,6.0,7.7,15:00:00,1.0,5.9,09:35:00,1.0,7.51,6.0,6.5,09:30:00,1.0,5.9,09:35:00,1.0,6.22,6.2,7.7,15:00:00,1.0,6.1,09:45:00,1.0,7.51,,,0.019292604501607736,0.23794212218649524,False
7.4,7.57,4.93,5.12,6279532,2021-11-19 06:00:00,CNTB,2021-11-19,12.11,-38.89347646573079,2.297297297297296,33.378378378378386,6.945,7.57,09:30:00,1.0,4.93,15:30:00,1.0,5.18,6.945,7.57,09:30:00,1.0,6.7701,09:30:00,1.0,7.02,7.02,7.25,09:45:00,1.0,4.93,15:30:00,1.0,5.18,,,0.29772079772079774,0.032763532763532825,True
3.0,3.49,3.0,3.4,2840665,2021-01-22 06:00:00,COMS,2021-01-22,6.3,-52.38095238095238,16.33333333333334,0.0,3.3257,3.49,11:15:00,2.0,3.0,09:45:00,3.0,3.47,-1.0,3.35,,1.0,3.0,,1.0,3.21,3.3257,3.49,11:15:00,2.0,3.0,09:45:00,3.0,3.47,,,0.06542056074766354,0.08722741433021815,False
8.25,10.49,8.0,9.02,10830427,2021-03-01 06:00:00,CRMD,2021-03-01,15.0,-45.0,27.15151515151516,3.0303030303030303,8.922,10.49,09:40:00,1.0,8.0,09:30:00,1.0,9.07,8.922,10.49,09:40:00,1.0,8.0,09:30:00,1.0,9.6,9.58,10.44,09:45:00,1.0,8.13,10:00:00,1.0,9.07,,,0.1531249999999999,0.0875,False
18.23,20.2,13.29,13.51,29673359,2021-10-27 05:00:00,CRTX,2021-10-27,57.68,-68.39459084604717,10.806363137685128,27.09818979703785,18.06,20.2,09:30:00,1.0,13.29,15:55:00,1.0,13.6,18.06,20.2,09:30:00,1.0,16.0,09:45:00,1.0,16.135,16.135,16.69,09:45:00,1.0,13.29,15:55:00,1.0,13.6,,,0.17632475983885976,0.03439727300898665,True
50.59,58.84,47.12,57.83,15374039,2021-06-17 05:00:00,CVAC,2021-06-17,94.79,-46.62939128600063,16.30757066613955,6.85906305593992,49.02,58.84,12:40:00,1.0,47.12,09:50:00,1.0,57.4,49.02,51.8,09:30:00,1.0,47.4301,09:45:00,1.0,47.9116,47.9717,58.84,12:40:00,1.0,47.12,09:50:00,1.0,57.4,,,0.01652209485803026,0.22809507509663637,True
0.5744,0.5972,0.5512,0.5595,19934630,2021-10-28 05:00:00,CWBR,2021-10-28,0.9,-36.17777777777778,3.969359331476311,4.038997214484679,0.5864,0.5972,13:40:00,1.0,0.5512,15:50:00,1.0,0.5599,0.5864,0.59,09:30:00,1.0,0.56,09:45:00,1.0,0.5639,0.5609,0.5972,13:40:00,1.0,0.5512,15:50:00,1.0,0.5599,,,0.022521723709877522,0.05905302358574215,True
0.24,0.74,0.21,0.595,4549839,2021-10-29 05:00:00,CXDC,2021-10-29,0.9099,-73.62347510715463,208.3333333333333,12.5,0.37,0.74,15:30:00,1.0,0.21,09:30:00,1.0,0.595,0.37,0.44,09:35:00,1.0,0.21,09:30:00,1.0,0.429,0.4125,0.74,15:30:00,1.0,0.34,09:45:00,1.0,0.595,,,0.2074592074592074,0.7249417249417249,False
9.59,9.79,8.7,8.82,33691354,2021-11-05 05:00:00,DCPH,2021-11-05,36.0,-73.36111111111111,2.085505735140764,9.28050052137644,9.6598,9.79,10:15:00,1.0,8.7,15:45:00,1.0,8.85,9.6598,9.66,09:30:00,2.0,8.92,09:30:00,1.0,9.45,9.45,9.79,10:15:00,1.0,8.7,15:45:00,1.0,8.85,,,0.07936507936507937,0.035978835978835964,True
154.8,155.4,131.51,135.09,76138919,2021-12-03 06:00:00,DOCU,2021-12-03,233.82,-33.79522709776751,0.3875968992248025,15.045219638242903,,,,,,,,,,,,,,,,,,,,,,,,,,1.0,,,False
3.8,3.86,3.7,3.8,1418867,2021-07-30 05:00:00,DPRO,2021-07-30,5.5,-30.90909090909092,1.5789473684210542,2.631578947368412,3.7888,3.86,11:20:00,1.0,3.7,12:55:00,9.0,3.8,3.7888,3.84,09:30:00,1.0,3.75,09:30:00,1.0,3.8,3.79,3.86,11:20:00,1.0,3.7,12:55:00,9.0,3.8,,,0.02631578947368412,0.01578947368421054,True
26.37,28.15,24.0,27.25,6461962,2021-08-06 05:00:00,DRNA,2021-08-06,37.92,-30.45886075949367,6.750094804702305,8.987485779294657,24.98,28.15,13:40:00,1.0,24.0,09:30:00,1.0,27.25,24.98,26.4234,09:30:00,1.0,24.0,09:30:00,1.0,24.96,24.979,28.15,13:40:00,1.0,24.04,10:25:00,1.0,27.25,,,0.03685897435897443,0.1278044871794871,False
8.37,8.68,6.33,6.86,52044930,2021-09-23 05:00:00,EAR,2021-09-23,21.67,-61.37517305029996,3.70370370370371,24.37275985663081,7.7197,8.68,09:30:00,1.0,6.33,09:50:00,1.0,6.9299,7.7197,8.68,09:30:00,1.0,6.63,09:45:00,1.0,6.7,6.6985,7.24,15:25:00,1.0,6.33,09:50:00,1.0,6.9299,,,0.05522388059701494,0.08059701492537313,True
29.44,32.9,24.41,30.5,11315296,2021-02-22 06:00:00,EBIX,2021-02-22,50.74,-41.978715017737485,11.752717391304335,17.08559782608696,27.0,32.9,11:20:00,1.0,24.41,09:50:00,1.0,30.4,27.0,29.64,09:30:00,1.0,25.01,09:45:00,1.0,25.71,25.67,32.9,11:20:00,1.0,24.41,09:50:00,1.0,30.4,,,0.050563982886036585,0.2796577207312329,True
2.47,2.96,2.45,2.93,806731554,2021-07-23 05:00:00,EDU,2021-07-23,6.4,-61.40625,19.83805668016193,0.809716599190284,2.5,2.97,16:00:00,1.0,2.45,09:35:00,1.0,2.91,2.5,2.81,09:45:00,1.0,2.45,09:35:00,1.0,2.7429,2.745,2.97,16:00:00,1.0,2.48,11:50:00,1.0,2.91,,,0.09584746071675967,0.08279558131904191,False
4.41,4.68,3.81,4.11,2464409,2021-09-30 05:00:00,EEIQ,2021-09-30,6.51,-32.25806451612903,6.122448979591827,13.60544217687075,3.93,4.68,09:30:00,1.0,3.81,09:35:00,1.0,4.11,3.93,4.68,09:30:00,1.0,3.81,09:35:00,1.0,4.3345,4.34,4.65,10:40:00,1.0,4.02,09:55:00,1.0,4.11,,,0.07255738839543215,0.07278809551274659,False
24.55,33.46,24.38,30.06,7723035,2021-11-08 06:00:00,EHTH,2021-11-08,40.4,-39.23267326732673,36.29327902240325,0.6924643584521454,29.11,33.46,11:15:00,1.0,24.38,09:30:00,1.0,30.36,29.11,31.5,09:45:00,1.0,24.38,09:30:00,1.0,28.98,28.502,33.46,11:15:00,1.0,28.17,09:45:00,1.0,30.36,,,0.027950310559006167,0.15458937198067635,False
2.46,2.7,2.11,2.13,44931760,2021-08-20 05:00:00,ENDP,2021-08-20,3.55,-30.704225352112672,9.756097560975618,14.227642276422769,2.3287,2.7,09:50:00,1.0,2.11,15:50:00,2.0,2.15,2.3287,2.58,09:45:00,1.0,2.23,09:30:00,1.0,2.5494,2.5499,2.7,09:50:00,1.0,2.11,15:50:00,2.0,2.15,,,0.17235427943829923,0.05907272299364568,True
3.59,3.69,3.2,3.29,1628563,2021-10-25 05:00:00,ERYP,2021-10-25,5.48,-34.48905109489052,2.7855153203342646,10.863509749303612,3.58,3.69,09:30:00,1.0,3.2,15:50:00,2.0,3.31,3.58,3.69,09:30:00,1.0,3.36,09:45:00,1.0,3.49,3.4986,3.62,13:35:00,1.0,3.2,15:50:00,2.0,3.31,,,0.0830945558739255,0.037249283667621744,True
6.09,6.1,4.96,5.25,28744966,2021-12-03 06:00:00,ESPR,2021-12-03,8.97,-32.107023411371244,0.164203612479471,18.55500821018062,,,,,,,,,,,,,,,,,,,,,,,,,,1.0,,,False
7.271,7.73,6.8,7.02,6713930,2021-11-05 05:00:00,EVAX,2021-11-05,12.68,-42.6577287066246,6.312749277953521,6.477788474762757,7.31,7.73,09:30:00,1.0,6.8,11:40:00,1.0,6.94,7.31,7.73,09:30:00,1.0,7.13,09:30:00,1.0,7.2495,7.2455,7.46,10:05:00,1.0,6.8,11:40:00,1.0,6.94,,,0.0620042761569764,0.029036485274846497,True
0.8147,0.8575,0.7901,0.8426,103657559,2021-05-18 05:00:00,EVFM,2021-05-18,1.28,-36.3515625,5.253467534061626,3.0195163863998964,0.826999,0.8575,15:55:00,1.0,0.7901,10:15:00,1.0,0.845,0.826999,0.84,09:35:00,1.0,0.8131,09:30:00,1.0,0.8228,0.8233,0.8575,15:55:00,1.0,0.7901,10:15:00,1.0,0.845,,,0.03974234321827899,0.04217306757413717,True
4.115,4.35,3.9,4.02,3987548,2021-10-25 05:00:00,EYEN,2021-10-25,6.58,-37.46200607902736,5.710814094775198,5.224787363304989,4.05,4.35,10:40:00,1.0,3.9,09:30:00,1.0,4.01,4.05,4.18,09:40:00,1.0,3.9,09:30:00,1.0,4.1,4.1,4.35,10:40:00,1.0,4.0,10:05:00,5.0,4.01,,,0.02439024390243894,0.06097560975609757,False
0.2997,0.3688,0.2981,0.358,349787620,2021-04-29 05:00:00,FAMI,2021-04-29,0.791,-62.11125158027813,23.056389723056384,0.5338672005338825,0.299,0.3688,12:40:00,1.0,0.2981,09:30:00,1.0,0.3582,0.299,0.305,09:30:00,4.0,0.2981,09:30:00,1.0,0.302,0.302,0.3688,12:40:00,1.0,0.3011,09:50:00,1.0,0.3582,,,0.0029801324503311655,0.22119205298013253,False
0.2935,0.306,0.268,0.28,294879520,2021-09-13 05:00:00,FAMI,2021-09-13,0.575,-48.95652173913044,4.258943781942082,8.68824531516183,0.296,0.306,09:35:00,1.0,0.268,14:30:00,5.0,0.275,0.296,0.306,09:35:00,1.0,0.2821,09:30:00,1.0,0.28978,0.2896,0.2966,09:45:00,1.0,0.268,14:30:00,5.0,0.275,,,0.07516046656083915,0.023535095589757724,True
5.65,5.95,4.91,5.06,40916140,2021-09-03 05:00:00,FBRX,2021-09-03,28.59,-80.23784540048968,5.309734513274333,13.097345132743367,5.47,5.95,09:30:00,1.0,4.91,15:10:00,2.0,5.1,5.47,5.95,09:30:00,1.0,5.21,09:30:00,1.0,5.73,5.73,5.75,09:45:00,1.0,4.91,15:10:00,2.0,5.1,,,0.14310645724258295,0.003490401396160484,True
4.94,5.2,4.69,4.78,2958341,2021-11-29 06:00:00,FENC,2021-11-29,9.64,-48.7551867219917,5.263157894736837,5.060728744939271,5.07,5.2,09:40:00,1.0,4.69,10:55:00,2.0,4.75,5.07,5.2,09:40:00,1.0,4.83,09:30:00,1.0,5.0105,5.0,5.1269,09:45:00,1.0,4.69,10:55:00,2.0,4.75,,,0.06396567208861391,0.023231214449655643,True
23.87,23.9765,19.71,19.74,20181624,2021-04-07 05:00:00,FGEN,2021-04-07,34.64,-31.09122401847575,0.4461667364893191,17.427733556765816,22.3995,23.9765,09:30:00,1.0,19.71,15:55:00,1.0,19.89,22.3995,23.9765,09:30:00,1.0,21.82,09:40:00,1.0,22.5,22.49,22.71,09:45:00,1.0,19.71,15:55:00,1.0,19.89,,,0.12399999999999996,0.00933333333333337,True
15.23,15.23,13.25,14.35,16051063,2021-07-16 05:00:00,FGEN,2021-07-16,24.84,-38.687600644122384,0.0,13.000656598818123,14.8499,15.25,09:30:00,1.0,13.25,10:05:00,1.0,14.4,14.8499,15.25,09:30:00,1.0,14.02,09:45:00,1.0,14.055,14.06,14.73,15:55:00,1.0,13.25,10:05:00,1.0,14.4,,,0.05727499110636782,0.04802561366061905,True
2.48,2.7,2.16,2.17,12168871,2021-11-19 06:00:00,FLGC,2021-11-19,3.69,-32.79132791327913,8.870967741935493,12.903225806451609,2.5691,2.7,09:30:00,1.0,2.16,15:55:00,1.0,2.2,2.5691,2.7,09:30:00,1.0,2.43,09:45:00,1.0,2.4301,2.43,2.46,09:45:00,1.0,2.16,15:55:00,1.0,2.2,,,0.11114768939549804,0.012304020410682704,True
9.9379,10.8,7.91,7.99,19436253,2021-03-23 05:00:00,FREQ,2021-03-23,36.29,-72.61532102507579,8.674870948590746,20.40571951820808,9.78,10.8,09:30:00,1.0,7.85,16:00:00,1.0,7.87,9.78,10.8,09:30:00,1.0,9.75,09:30:00,1.0,10.0501,10.069,10.23,09:50:00,1.0,7.85,16:00:00,1.0,7.87,,,0.21891324464433198,0.01790031939980696,True
2.07,2.54,1.96,2.25,30514456,2021-10-19 05:00:00,GRTX,2021-10-19,7.4,-72.02702702702702,22.705314009661848,5.314009661835743,1.9771,2.54,10:50:00,1.0,1.96,09:40:00,2.0,2.25,1.9771,2.1,09:30:00,1.0,1.96,09:40:00,1.0,2.0299,2.02,2.54,10:50:00,1.0,1.96,10:05:00,1.0,2.25,,,0.034435193851913924,0.2512931671510912,False
18.6,18.99,18.075,18.55,5594877,2021-06-15 05:00:00,GRUB,2021-06-15,59.89,-68.94306228084822,2.096774193548371,2.8225806451613016,18.33,18.99,09:45:00,1.0,18.075,11:30:00,1.0,18.6,-1.0,18.99,,1.0,18.29,,1.0,18.3273,18.33,18.99,09:45:00,1.0,18.075,11:30:00,1.0,18.6,,,0.013766348561981402,0.03615917238218381,True
5.5,6.06,5.05,5.18,1720887,2021-02-11 06:00:00,GTBP,2021-02-11,8.5,-35.294117647058826,10.181818181818176,8.181818181818185,6.06,6.06,09:50:00,1.0,5.05,14:55:00,1.0,5.16,-1.0,6.05,,1.0,5.4,,1.0,6.05,6.06,6.06,09:50:00,1.0,5.05,14:55:00,1.0,5.16,,,0.1652892561983471,0.001652892561983436,True
6.11,8.27,6.09,7.97,35116871,2021-09-09 05:00:00,HGEN,2021-09-09,15.11,-59.56320317670417,35.35188216039278,0.3273322422258667,6.48,8.27,14:40:00,1.0,6.09,09:30:00,1.0,7.94,6.48,6.6971,09:35:00,1.0,6.09,09:30:00,1.0,6.6682,6.67,8.27,14:40:00,1.0,6.45,09:45:00,1.0,7.94,,,0.03272247383101879,0.2402147506073603,False
14.3796,14.72,13.41,14.05,2714885,2021-09-29 05:00:00,HLBZ,2021-09-29,20.67,-30.43251088534108,2.367242482405635,6.742885754819326,14.22,14.72,09:30:00,1.0,13.41,13:05:00,1.0,14.04,14.22,14.72,09:30:00,1.0,14.01,09:45:00,1.0,14.0101,14.04,14.39,09:45:00,1.0,13.41,13:05:00,1.0,14.04,,,0.04283338448690584,0.027116151918972816,True
4.0768,5.02,3.74,4.94649,9107878,2021-01-11 06:00:00,HUT,2021-01-11,6.39,-36.20031298904537,23.135792778649897,8.261381475667195,,,,,,,,,,,,,,,,,,,,,,,,,,1.0,,,False
13.1,13.43,9.61,9.85,5853839,2021-08-11 05:00:00,HYRE,2021-08-11,19.12,-31.48535564853557,2.5190839694656493,26.6412213740458,11.9599,13.43,09:30:00,1.0,9.61,15:45:00,1.0,9.98,11.9599,13.43,09:30:00,1.0,11.36,09:35:00,1.0,11.67,11.68,11.94,09:45:00,1.0,9.61,15:45:00,1.0,9.98,,,0.17652099400171384,0.023136246786632356,True
2.0,2.07,1.81,1.98,50179588,2021-03-19 05:00:00,IDRA,2021-03-19,5.21,-61.61228406909789,3.499999999999992,9.499999999999996,2.04,2.07,09:35:00,1.0,1.81,10:10:00,1.0,1.99,2.04,2.07,09:35:00,1.0,1.86,09:45:00,1.0,1.86,1.86,2.06,14:25:00,1.0,1.81,10:10:00,1.0,1.99,,,0.026881720430107548,0.10752688172043008,True
2.25,2.64,1.92,2.47,8977043,2021-02-12 06:00:00,IFMK,2021-02-12,3.3,-31.818181818181817,17.33333333333334,14.66666666666667,2.07,2.64,15:25:00,1.0,1.92,09:30:00,1.0,2.38,2.07,2.4,09:45:00,1.0,1.92,09:30:00,1.0,2.2301,2.24,2.64,15:25:00,1.0,2.1,09:50:00,4.0,2.38,,,0.05833819111250621,0.18380341688713506,False
4.92,4.97,3.69,4.0,14393577,2021-10-27 05:00:00,IINN,2021-10-27,9.59,-48.69655891553702,1.0162601626016223,25.0,4.49,4.97,09:30:00,1.0,3.69,15:15:00,1.0,3.97,4.49,4.97,09:30:00,1.0,4.04,09:40:00,1.0,4.3728,4.385,4.55,10:05:00,1.0,3.69,15:15:00,1.0,3.97,,,0.15614709110867175,0.04052323454079767,True
22.88,29.54,22.5,25.08,11763031,2021-02-02 06:00:00,IMVT,2021-02-02,43.3,-47.15935334872979,29.10839160839161,1.6608391608391566,24.9,29.54,09:40:00,1.0,22.5,09:30:00,1.0,25.6598,24.9,29.54,09:40:00,1.0,22.5,09:30:00,1.0,27.0,26.96,28.5,10:00:00,1.0,22.81,11:25:00,1.0,25.6598,,,0.15518518518518523,0.05555555555555555,False
5.06,5.09,4.02,4.26,2685523,2021-07-20 05:00:00,INTZ,2021-07-20,8.5,-40.47058823529412,0.5928853754940762,20.55335968379447,4.64,5.09,09:30:00,1.0,4.02,14:45:00,3.0,4.27,4.64,5.09,09:30:00,1.0,4.32,09:35:00,1.0,4.5766,4.5799,4.92,10:20:00,1.0,4.02,14:45:00,3.0,4.27,,,0.12161866888082866,0.07503386793689637,True
3.0,3.66,2.73,3.01,3715343,2021-07-27 05:00:00,IRCP,2021-07-27,10.74,-72.06703910614524,22.000000000000004,9.0,3.03,3.66,14:00:00,1.0,2.73,11:50:00,2.0,3.13,3.03,3.232,09:30:00,1.0,2.8089,09:40:00,1.0,2.8988,2.9,3.66,14:00:00,1.0,2.73,11:50:00,2.0,3.13,,,0.05823099213467644,0.26259141713812617,True
85.445,88.9,79.2914,80.36,7091218,2021-04-12 05:00:00,IRTC,2021-04-12,132.76,-35.63949984935222,4.043536778044371,7.20182573585347,85.45,88.9,09:40:00,1.0,79.2914,15:30:00,1.0,80.49,85.45,88.9,09:40:00,1.0,81.25,09:30:00,1.0,83.36,83.5,87.51,09:45:00,1.0,79.2914,15:30:00,1.0,80.49,,,0.0488075815738964,0.049784069097888746,True
1.42,1.63,1.36,1.42,83008150,2021-07-02 05:00:00,ITRM,2021-07-02,2.29,-37.991266375545855,14.788732394366196,4.2253521126760445,1.485,1.63,10:00:00,1.0,1.36,09:30:00,1.0,1.41,1.485,1.54,09:35:00,1.0,1.36,09:30:00,1.0,1.475,1.4777,1.63,10:00:00,1.0,1.4,14:20:00,3.0,1.41,,,0.05084745762711876,0.10508474576271172,False
0.695,0.7788,0.63,0.6305,59647460,2021-07-26 05:00:00,ITRM,2021-07-26,1.13,-38.49557522123894,12.057553956834548,9.352517985611504,0.682,0.7788,10:20:00,1.0,0.6201,16:00:00,1.0,0.6201,0.682,0.748,09:45:00,1.0,0.662,09:30:00,1.0,0.7259,0.7212,0.7788,10:20:00,1.0,0.6201,16:00:00,1.0,0.6201,,,0.14575010332001653,0.07287505166000835,True
31.0,34.51,30.75,34.23,5866800,2021-05-06 05:00:00,JRVR,2021-05-06,46.5,-33.333333333333336,11.322580645161285,0.8064516129032258,33.0,34.51,15:55:00,1.0,30.75,09:30:00,1.0,34.23,33.0,33.97,09:30:00,1.0,30.75,09:30:00,1.0,32.58,32.64,34.51,15:55:00,1.0,31.175,10:25:00,1.0,34.23,,,0.04312461632903615,0.059238796807857576,False
2.8,2.8,2.41,2.61,1905131,2021-09-15 05:00:00,KAVL,2021-09-15,4.51,-37.91574279379157,0.0,13.92857142857142,2.67,2.8,09:30:00,2.0,2.41,09:45:00,1.0,2.61,2.67,2.8,09:30:00,1.0,2.41,09:45:00,1.0,2.5,2.52,2.8,15:50:00,1.0,2.41,09:45:00,1.0,2.61,,,0.03599999999999994,0.11999999999999993,False
5.86,5.8824,4.11,4.26,29919532,2021-08-10 05:00:00,KPLT,2021-08-10,9.73,-39.77389516957862,0.3822525597269506,29.86348122866894,5.35,5.92,09:30:00,1.0,4.11,13:40:00,2.0,4.22,5.35,5.92,09:30:00,1.0,5.2,09:30:00,1.0,5.42,5.415,5.5299,09:50:00,1.0,4.11,13:40:00,2.0,4.22,,,0.24169741697416966,0.020276752767527613,True
35.02,43.94,30.0,35.21,190447857,2021-02-23 06:00:00,LCID,2021-02-23,57.37,-38.95764336761373,25.4711593375214,14.334665905197038,,,,,,,,,,,,,,,,,,,,,,,,,,1.0,,,False
4.3,4.7,3.9751,4.48,1295246,2021-01-12 06:00:00,LEXX,2021-01-12,6.747,-36.26797095005188,9.302325581395358,7.5558139534883715,4.14,4.7,10:20:00,4.0,3.9751,09:50:00,1.0,4.48,4.14,4.36,09:30:00,1.0,3.9754,09:45:00,1.0,3.9903,4.0,4.7,10:20:00,4.0,3.9751,09:50:00,1.0,4.48,,,0.003809237400696715,0.17785630153121326,True
7.9,9.38,7.0,8.99,2351654,2021-05-26 05:00:00,LRMR,2021-05-26,13.51,-41.52479644707624,18.73417721518988,11.392405063291145,7.44,9.38,15:00:00,1.0,7.0,09:30:00,1.0,8.99,7.44,7.99,09:30:00,1.0,7.0,09:30:00,1.0,7.4128,7.425,9.38,15:00:00,1.0,7.33,09:45:00,1.0,8.99,,,0.011169868335851468,0.2653788042305203,False
8.75,10.9,7.85,7.95,13431706,2021-07-22 05:00:00,MCRB,2021-07-22,20.83,-57.99327892462794,24.571428571428573,10.285714285714288,9.99,10.9,09:35:00,1.0,7.85,15:55:00,1.0,8.02,9.99,10.9,09:35:00,1.0,8.75,09:30:00,1.0,10.2449,10.24,10.31,09:45:00,1.0,7.85,15:55:00,1.0,8.02,,,0.2337650928754795,0.006354381204306635,True
4.85,5.0,3.48,3.56,3247335,2021-08-12 05:00:00,MDVL,2021-08-12,7.51,-35.41944074567244,3.092783505154647,28.247422680412367,4.95,5.0,09:30:00,1.0,3.48,10:00:00,1.0,3.57,4.95,5.0,09:30:00,1.0,3.87,09:45:00,1.0,4.0286,3.87,4.5785,09:45:00,1.0,3.48,10:00:00,1.0,3.57,,,0.13617633917489946,0.13649903192175944,True
3.75,4.28,3.71,4.07,4151758,2021-06-29 05:00:00,MDWD,2021-06-29,5.64,-33.51063829787234,14.133333333333342,1.0666666666666675,4.26,4.28,11:40:00,1.0,3.71,09:30:00,1.0,4.1,4.26,4.26,09:30:00,2.0,3.71,09:30:00,1.0,4.01,4.0337,4.28,11:40:00,1.0,3.81,09:55:00,1.0,4.1,,,0.04987531172069819,0.06733167082294277,False
7.01,7.58,6.0,6.28,16748328,2021-09-13 05:00:00,MDXG,2021-09-13,15.53,-54.8615582743078,8.131241084165483,14.407988587731808,7.28,7.58,09:35:00,1.0,6.0,11:00:00,1.0,6.26,7.28,7.58,09:35:00,1.0,6.71,09:30:00,1.0,6.9185,6.92,7.125,09:45:00,1.0,6.0,11:00:00,1.0,6.26,,,0.13275999132759989,0.02984751029847512,True
0.9995,1.04,0.952,0.9675,40371621,2021-05-24 05:00:00,METX,2021-05-24,1.43,-30.1048951048951,4.052026013006501,4.752376188094057,1.0111,1.04,09:35:00,3.0,0.952,13:40:00,1.0,0.9675,1.0111,1.04,09:35:00,3.0,0.997,09:30:00,1.0,1.0292,1.03,1.04,09:45:00,1.0,0.952,13:40:00,1.0,0.9675,,,0.07500971628449275,0.010493587252234886,True
0.45,0.5198,0.38,0.3937,153457020,2021-09-02 05:00:00,METX,2021-09-02,0.9194,-51.05503589297368,15.511111111111118,15.555555555555555,0.515899,0.5198,09:30:00,1.0,0.38,15:40:00,2.0,0.3904,0.515899,0.5198,09:30:00,1.0,0.44,09:45:00,1.0,0.445001,0.447,0.469,09:45:00,1.0,0.38,15:40:00,2.0,0.3904,,,0.14606933467565236,0.0539302158871553,True
0.885,0.885,0.802,0.815,6471416,2021-08-03 05:00:00,MOHO,2021-08-03,1.32,-32.95454545454546,0.0,9.378531073446323,0.868,0.885,09:30:00,1.0,0.802,13:15:00,1.0,0.8101,0.868,0.885,09:30:00,1.0,0.8506,09:30:00,1.0,0.8693,0.8697,0.8749,09:50:00,1.0,0.802,13:15:00,1.0,0.8101,,,0.07741861267686635,0.006441964799263833,True
1.75,1.84,1.61,1.63,11460231,2021-10-22 05:00:00,MTCR,2021-10-22,3.83,-54.30809399477807,5.142857142857147,7.999999999999994,1.7994,1.84,09:30:00,2.0,1.61,10:00:00,6.0,1.65,1.7994,1.84,09:30:00,2.0,1.65,09:45:00,1.0,1.6894,1.6801,1.82,10:25:00,1.0,1.61,10:00:00,6.0,1.65,,,0.04699893453297024,0.0773055522670771,True
16.21,18.93,15.63,16.81,5094743,2021-05-24 05:00:00,NGM,2021-05-24,28.38,-42.88231148696264,16.779765576804433,3.578038247995065,16.0101,18.93,10:45:00,1.0,15.63,09:30:00,1.0,16.81,16.0101,17.3,09:40:00,1.0,15.63,09:30:00,1.0,16.55,16.58,18.93,10:45:00,1.0,16.4,09:45:00,1.0,16.81,,,0.009063444108761459,0.1438066465256797,False
9.799,9.799,8.236,8.35,4786713,2021-05-25 05:00:00,NOVN,2021-05-25,14.0,-30.00714285714286,0.0,15.950607204816809,9.275,9.799,09:30:00,1.0,8.236,10:00:00,1.0,8.4,9.275,9.799,09:30:00,1.0,8.852,09:45:00,1.0,8.877,8.86451,9.38,09:45:00,1.0,8.236,10:00:00,1.0,8.4,,,0.07220907964402387,0.05666328714655853,True
5.65,7.36,5.6,6.65,4926130,2021-11-05 05:00:00,NRXP,2021-11-05,8.92,-36.6591928251121,30.26548672566372,0.8849557522124019,6.39,7.36,12:00:00,1.0,5.6,09:30:00,1.0,6.72,6.39,6.76,09:45:00,1.0,5.6,09:30:00,1.0,6.76,6.76,7.36,12:00:00,1.0,6.33,14:25:00,1.0,6.72,,,0.06360946745562127,0.08875739644970422,False
5.48,7.2,4.9,6.69,2172085,2021-10-01 05:00:00,NTRB,2021-10-01,8.75,-37.37142857142857,31.386861313868607,10.583941605839415,5.0,7.2,13:25:00,1.0,4.9,10:45:00,1.0,6.69,,,,,,,,,5.0,7.2,13:25:00,1.0,4.9,10:45:00,1.0,6.69,True,,,,False
1.27,1.47,1.27,1.38,45569979,2021-11-01 05:00:00,NXTP,2021-11-01,1.97,-35.53299492385787,15.748031496062987,0.0,1.315,1.47,12:30:00,1.0,1.27,09:30:00,1.0,1.39,1.315,1.365,09:30:00,1.0,1.27,09:30:00,1.0,1.335,1.335,1.47,12:30:00,1.0,1.28,10:00:00,1.0,1.39,,,0.04119850187265913,0.10112359550561799,False
4.84,5.1,3.83,3.96,26051155,2021-03-22 05:00:00,ODT,2021-03-22,19.03,-74.56647398843931,5.371900826446277,20.86776859504132,4.95,5.1,09:30:00,1.0,3.83,15:10:00,1.0,3.96,4.95,5.1,09:30:00,1.0,4.51,09:45:00,1.0,4.5101,4.5197,4.84,09:55:00,1.0,3.83,15:10:00,1.0,3.96,,,0.15079488259683826,0.07314693687501372,True
13.61,13.7,8.57,8.75,10707540,2021-11-30 06:00:00,OLMA,2021-11-30,21.8875,-37.81838949171902,0.6612784717119755,37.03159441587068,,,,,,,,,,,,,,,,,,,,,,,,,True,,,,False
9.5,9.78,7.51,8.54,11394430,2021-10-01 05:00:00,OMER,2021-10-01,13.79,-31.109499637418413,2.9473684210526248,20.94736842105264,9.3782,9.78,09:30:00,1.0,7.51,11:10:00,3.0,8.55,9.3782,9.78,09:30:00,1.0,8.33,09:45:00,1.0,8.5,8.5,8.92,09:45:00,1.0,7.51,11:10:00,3.0,8.55,,,0.11647058823529415,0.04941176470588234,True
7.17,7.29,5.81,6.04,4296314,2021-11-12 06:00:00,ONCR,2021-11-12,11.1,-35.4054054054054,1.6736401673640182,18.967921896792195,6.65,7.29,09:30:00,1.0,5.81,15:30:00,1.0,5.9,6.65,7.29,09:30:00,1.0,6.23,09:45:00,1.0,6.4375,6.455,6.75,09:55:00,1.0,5.81,15:30:00,1.0,5.9,,,0.09747572815533986,0.04854368932038835,True
1.59,1.65,1.56,1.59,6117836,2021-11-16 06:00:00,OPTN,2021-11-16,2.39,-33.47280334728033,3.773584905660367,1.8867924528301905,1.61,1.65,09:35:00,2.0,1.56,10:55:00,2.0,1.58,1.61,1.65,09:35:00,2.0,1.57,09:45:00,1.0,1.575,1.57,1.64,09:45:00,2.0,1.56,10:55:00,2.0,1.58,,,0.009523809523809462,0.041269841269841234,True
11.08,16.01,9.05,9.33,42624206,2021-06-11 05:00:00,ORPH,2021-06-11,21.0,-47.23809523809524,44.49458483754514,18.321299638989164,14.0,16.01,09:50:00,1.0,9.05,15:50:00,1.0,9.4,14.0,15.25,09:40:00,1.0,10.81,09:30:00,1.0,15.25,14.04,16.01,09:50:00,1.0,9.05,15:50:00,1.0,9.4,,,0.40655737704918027,0.04983606557377059,True
7.86,9.35,7.01,7.33,96340937,2021-06-18 05:00:00,ORPH,2021-06-18,14.56,-46.01648351648352,18.95674300254452,10.814249363867692,8.68,9.35,10:00:00,1.0,7.01,15:10:00,1.0,7.33,8.68,9.18,09:30:00,1.0,7.847,09:30:00,1.0,8.5401,8.5462,9.35,10:00:00,1.0,7.01,15:10:00,1.0,7.33,,,0.17916652029835725,0.09483495509420252,True
1.87,1.99,1.83,1.91,20271535,2021-10-07 05:00:00,OSMT,2021-10-07,3.06,-38.888888888888886,6.417112299465234,2.139037433155082,1.91,1.99,09:35:00,1.0,1.83,10:05:00,1.0,1.91,1.91,1.99,09:35:00,1.0,1.84,09:30:00,1.0,1.8818,1.885,1.97,11:40:00,1.0,1.83,10:05:00,1.0,1.91,,,0.02752683600807729,0.046870018067807453,True
2.72,3.36,2.55,3.0,16367654,2021-02-22 06:00:00,OTIC,2021-02-22,5.39,-49.53617810760667,23.52941176470587,6.250000000000012,2.733,3.36,10:20:00,1.0,2.55,09:40:00,2.0,3.08,2.733,2.85,09:30:00,1.0,2.55,09:40:00,2.0,2.66,2.6506,3.36,10:20:00,1.0,2.55,09:45:00,1.0,3.08,,,0.04135338345864673,0.263157894736842,False
33.87,34.4537,29.06,31.62,10458053,2021-03-01 06:00:00,OTRK,2021-03-01,58.94,-42.53478113335596,1.7233540005904942,14.201358134041923,32.75,34.4537,09:30:00,1.0,29.06,13:40:00,1.0,31.5,32.75,34.4537,09:30:00,1.0,30.25,09:45:00,1.0,30.93,30.97,33.63,09:45:00,1.0,29.06,13:40:00,1.0,31.5,,,0.06045910119624963,0.08729388942774015,True
13.4,15.46,11.51,11.68,4508948,2021-08-19 05:00:00,OTRK,2021-08-19,21.05,-36.342042755344416,15.373134328358212,14.104477611940302,13.14,15.46,09:50:00,1.0,11.51,15:55:00,1.0,11.73,13.14,15.35,09:45:00,1.0,13.01,09:30:00,1.0,15.11,15.08,15.46,09:50:00,1.0,11.51,15:55:00,1.0,11.73,,,0.23825281270681667,0.023163467902051715,True
4.2,4.2,3.28,3.58,1221785,2021-08-11 05:00:00,PETV,2021-08-11,8.5,-50.588235294117645,0.0,21.90476190476192,3.72,4.2,09:30:00,1.0,3.28,13:10:00,1.0,3.59,3.72,4.2,09:30:00,1.0,3.53,09:40:00,2.0,3.6,3.6,3.7,09:55:00,3.0,3.28,13:10:00,1.0,3.59,,,0.08888888888888896,0.0277777777777778,True
1.28,1.3462,1.12,1.28,1367756,2021-09-30 05:00:00,PETZ,2021-09-30,1.84,-30.434782608695656,5.171875000000003,12.499999999999996,1.28,1.3462,15:50:00,1.0,1.12,10:00:00,1.0,1.28,1.28,1.325,09:30:00,1.0,1.14,09:45:00,1.0,1.2,1.2,1.3462,15:50:00,1.0,1.12,10:00:00,1.0,1.28,,,0.06666666666666654,0.12183333333333343,True
3.08,3.14,2.92,3.03,1806296,2021-08-10 05:00:00,PMCB,2021-08-10,7.0,-56.0,1.9480519480519496,5.194805194805199,3.03,3.14,10:15:00,3.0,2.92,09:35:00,1.0,3.04,3.03,3.09,09:30:00,1.0,2.92,09:35:00,1.0,3.0,2.99,3.14,10:15:00,3.0,2.95,10:50:00,2.0,3.04,,,0.016666666666666607,0.04666666666666671,False
4.17,4.3,3.35,3.48,50806767,2021-08-19 05:00:00,PMCB,2021-08-19,9.9,-57.87878787878788,3.1175059952038344,19.664268585131893,4.14,4.3,09:45:00,1.0,3.35,15:45:00,1.0,3.43,4.14,4.3,09:45:00,1.0,4.0,09:30:00,1.0,4.195,4.1912,4.3,09:45:00,1.0,3.35,15:45:00,1.0,3.43,,,0.20143027413587608,0.025029797377830638,True
16.8,18.85,16.08,17.42,16882955,2021-11-10 06:00:00,POSH,2021-11-10,24.53,-31.51243375458622,12.202380952380956,4.2857142857143,16.85,18.85,10:15:00,1.0,16.08,09:30:00,1.0,17.35,16.85,18.1,09:45:00,1.0,16.08,09:30:00,1.0,17.7829,17.75,18.85,10:15:00,1.0,16.38,15:45:00,1.0,17.35,,,0.07889039470502575,0.06000708545850226,False
0.7052,0.7278,0.657,0.6739,46214868,2021-08-20 05:00:00,PROG,2021-08-20,1.49,-52.67114093959731,3.204764605785586,6.8349404424276825,0.721499,0.7278,09:30:00,1.0,0.657,09:55:00,1.0,0.67,0.721499,0.7278,09:30:00,1.0,0.7,09:30:00,2.0,0.7072,0.707,0.715,09:45:00,1.0,0.657,09:55:00,1.0,0.67,,,0.07098416289592763,0.011029411764705765,True
6.4,8.44,6.36,8.0,19463610,2021-04-09 05:00:00,PRVB,2021-04-09,9.735,-34.2578325629173,31.874999999999982,0.6250000000000006,6.86,8.44,11:25:00,1.0,6.36,09:30:00,1.0,8.01,6.86,7.0,09:45:00,1.0,6.36,09:30:00,1.0,6.875,6.88,8.44,11:25:00,1.0,6.7201,09:45:00,1.0,8.01,,,0.022530909090909032,0.22763636363636355,False
20.4357,20.4357,15.51,17.53,12498981,2021-09-17 05:00:00,PTGX,2021-09-17,46.13,-55.69976154346413,0.0,24.10340727256713,19.99,20.4357,09:30:00,1.0,15.51,11:35:00,1.0,17.48,19.99,20.4357,09:30:00,1.0,19.1,09:45:00,1.0,19.49,19.51,19.85,09:45:00,1.0,15.51,11:35:00,1.0,17.48,,,0.20420728578758332,0.01847101077475644,True
57.13,61.7,55.21,55.64,83569414,2021-11-05 05:00:00,PTON,2021-11-05,86.06,-33.61608180339298,7.999299842464554,3.360756170138284,56.8305,61.7,09:55:00,1.0,55.21,15:45:00,1.0,55.7,56.8305,59.98,09:45:00,1.0,56.39,09:35:00,1.0,59.34,59.39,61.7,09:55:00,1.0,55.21,15:45:00,1.0,55.7,,,0.06959892146949785,0.03977081226828445,True
4.37,4.41,3.68,4.1,15665389,2021-07-19 05:00:00,RCAT,2021-07-19,7.1,-38.450704225352105,0.9153318077803212,15.789473684210526,4.35,4.41,09:30:00,1.0,3.68,11:05:00,1.0,4.08,4.35,4.41,09:30:00,1.0,4.163,09:45:00,1.0,4.22,4.22,4.2984,09:55:00,1.0,3.68,11:05:00,1.0,4.08,,,0.12796208530805678,0.01857819905213276,True
4.95,5.3,4.65,4.97,7241662,2021-09-14 05:00:00,RDHL,2021-09-14,7.38,-32.92682926829268,7.070707070707063,6.060606060606057,5.1205,5.3,11:30:00,1.0,4.65,09:55:00,1.0,4.97,5.1205,5.1722,09:30:00,1.0,4.73,09:40:00,1.0,4.95,4.96,5.3,11:30:00,1.0,4.65,09:55:00,1.0,4.97,,,0.060606060606060566,0.07070707070707064,True
2.62,3.0,2.6,2.83,4233692,2021-11-19 06:00:00,RDHL,2021-11-19,3.88,-32.4742268041237,14.503816793893124,0.7633587786259548,2.73,3.0,09:55:00,2.0,2.6,09:30:00,1.0,2.84,2.73,2.9,09:45:00,1.0,2.6,09:30:00,1.0,2.855,2.8592,3.0,09:55:00,2.0,2.75,09:45:00,1.0,2.84,,,0.036777583187390536,0.05078809106830123,False
1.2389,1.29,1.0,1.07,20379965,2021-11-22 06:00:00,RETO,2021-11-22,1.77,-30.00564971751413,4.124626684962479,19.283235127936067,1.11,1.29,09:30:00,1.0,1.0,11:00:00,1.0,1.07,1.11,1.29,09:30:00,1.0,1.03,09:45:00,1.0,1.0699,1.07,1.15,10:35:00,1.0,1.0,11:00:00,1.0,1.07,,,0.06533320871109456,0.07486680998224117,True
14.6892,14.73,13.01,13.81,17254814,2021-10-18 05:00:00,RVNC,2021-10-18,22.71,-35.31836195508587,0.2777550853688481,11.431527925278436,13.8541,14.73,09:30:00,1.0,13.01,10:35:00,1.0,13.78,13.8541,14.73,09:30:00,1.0,13.3301,09:40:00,1.0,13.5797,13.59,14.06,14:55:00,1.0,13.01,10:35:00,1.0,13.78,,,0.04195232589821579,0.0353689698594225,True
1.63,1.7,1.3497,1.38,14881338,2021-03-08 06:00:00,SLNO,2021-03-08,2.69,-39.405204460966544,4.294478527607367,17.19631901840491,1.5801,1.7,09:30:00,1.0,1.3497,15:55:00,1.0,1.375,1.5801,1.7,09:30:00,1.0,1.5699,09:40:00,1.0,1.5998,1.6,1.61,09:45:00,1.0,1.3497,15:55:00,1.0,1.375,,,0.15633204150518826,0.006375796974621819,True
0.6598,0.667,0.6008,0.6313,52335115,2021-08-20 05:00:00,SONN,2021-08-20,1.22,-45.918032786885234,1.0912397696271572,8.942103667778122,0.6557,0.667,09:30:00,1.0,0.6008,12:40:00,2.0,0.6299,0.6557,0.667,09:30:00,1.0,0.6201,09:40:00,1.0,0.645,0.6451,0.6587,10:15:00,1.0,0.6008,12:40:00,2.0,0.6299,,,0.06852713178294575,0.021240310077519278,True
85.0,88.4799,82.25,82.29,22807565,2021-01-08 06:00:00,SRPT,2021-01-08,168.95,-49.68925717667948,4.094000000000001,3.235294117647059,83.92,88.4799,10:05:00,1.0,82.2,16:00:00,1.0,82.6899,83.92,87.0,09:45:00,1.0,82.25,09:30:00,1.0,84.955,84.9884,88.4799,10:05:00,1.0,82.2,16:00:00,1.0,82.6899,,,0.03242893296451057,0.041491377788240864,True
2.1,2.28,2.02,2.16,19670014,2021-11-16 06:00:00,TALK,2021-11-16,3.39,-38.05309734513274,8.571428571428557,3.809523809523813,2.115,2.28,09:30:00,1.0,2.02,09:45:00,1.0,2.17,2.115,2.28,09:30:00,1.0,2.02,09:45:00,1.0,2.115,2.1193,2.27,13:15:00,1.0,2.02,09:45:00,1.0,2.17,,,0.044917257683215216,0.07328605200945616,False
0.65,0.655,0.62,0.645,10963604,2021-12-02 06:00:00,TANH,2021-12-02,1.5,-56.66666666666666,0.7692307692307699,4.615384615384619,,,,,,,,,,,,,,,,,,,,,,,,,,1.0,,,False
13.47,15.28,12.62,15.2,22032594,2021-11-30 06:00:00,TGTX,2021-11-30,23.36,-42.33732876712328,13.437268002969551,6.310319227913893,,,,,,,,,,,,,,,,,,,,,,,,,True,,,,False
8.61,10.71,8.04,10.1,2804039,2021-04-29 05:00:00,TIPT,2021-04-29,12.55,-31.39442231075698,24.390243902439043,6.620209059233453,8.19,10.71,12:05:00,1.0,8.04,09:30:00,1.0,10.1,8.19,8.89,09:30:00,1.0,8.04,09:30:00,1.0,8.575,8.575,10.71,12:05:00,1.0,8.45,09:45:00,1.0,10.1,,,0.01457725947521866,0.2489795918367349,False
16.96,19.4799,14.8,17.54,12021550,2021-11-15 06:00:00,TLS,2021-11-15,24.38,-30.434782608695645,14.857900943396224,12.735849056603772,15.639,19.4799,12:30:00,1.0,14.8,09:45:00,1.0,17.89,15.639,17.0,09:30:00,1.0,14.8,09:45:00,1.0,14.99,14.94,19.4799,12:30:00,1.0,14.8,09:45:00,1.0,17.89,,,0.012675116744496298,0.2995263509006004,False
1.07,1.34,1.0,1.25,6335452,2021-11-11 06:00:00,TMDI,2021-11-11,1.63,-34.35582822085889,25.233644859813083,6.542056074766361,1.1497,1.34,10:00:00,1.0,1.0,09:30:00,1.0,1.24,1.1497,1.25,09:35:00,1.0,1.0,09:30:00,1.0,1.18,1.1784,1.34,10:00:00,1.0,1.17,09:45:00,1.0,1.24,,,0.00847457627118645,0.1355932203389832,False
0.6745,0.8021,0.66,0.7004,37649912,2021-07-26 05:00:00,TNXP,2021-07-26,0.98,-31.1734693877551,18.91771682727948,2.1497405485544787,0.7717,0.8021,09:35:00,1.0,0.66,09:30:00,1.0,0.7,0.7717,0.8021,09:35:00,1.0,0.66,09:30:00,1.0,0.7454,0.744,0.7642,09:50:00,1.0,0.67,10:45:00,2.0,0.7,,,0.1011537429568016,0.025221357660316662,False
11.9,13.8,11.75,12.3,3303159,2021-02-12 06:00:00,UGRO,2021-02-12,47.0,-74.68085106382979,15.96638655462185,1.2605042016806751,12.965,13.8,09:35:00,1.0,11.75,15:45:00,1.0,12.25,12.965,13.8,09:35:00,1.0,11.8,09:30:00,1.0,13.04,13.1973,13.78,09:45:00,2.0,11.75,15:45:00,1.0,12.25,,,0.0989263803680981,0.05674846625766873,True
7.26,8.17,6.8,7.55,4152367,2021-11-03 05:00:00,UONE,2021-11-03,11.0,-34.0,12.53443526170799,6.336088154269973,7.14,8.17,09:45:00,1.0,6.8,09:30:00,1.0,7.53,7.14,8.17,09:45:00,1.0,6.8,09:30:00,1.0,8.01,7.9705,8.17,09:45:00,1.0,7.35,09:50:00,1.0,7.53,,,0.08239700374531837,0.019975031210986285,False
4.41,4.84,3.77,4.58,1590815,2021-11-03 05:00:00,UONEK,2021-11-03,7.34,-39.91825613079019,9.750566893424027,14.5124716553288,3.82,4.84,09:45:00,1.0,3.77,09:35:00,1.0,4.53,3.82,4.84,09:45:00,1.0,3.77,09:35:00,1.0,4.6,4.64,4.84,09:45:00,1.0,4.35,09:50:00,2.0,4.53,,,0.05434782608695653,0.052173913043478314,False
5.0,5.45,4.5,5.39,3331840,2021-11-24 06:00:00,VLON,2021-11-24,7.3,-31.50684931506849,9.000000000000004,10.0,5.06,5.45,09:40:00,1.0,4.5,13:10:00,1.0,5.35,5.06,5.45,09:40:00,1.0,4.92,09:30:00,1.0,5.04,5.025,5.39,15:40:00,3.0,4.5,13:10:00,1.0,5.35,,,0.10714285714285715,0.06944444444444438,True
6.5,7.15,5.75,6.16,3534906,2021-09-14 05:00:00,VRPX,2021-09-14,9.75,-33.333333333333336,10.000000000000004,11.538461538461538,6.47,7.15,09:50:00,1.0,5.75,10:20:00,1.0,6.09,,,,,,,,,6.47,7.15,09:50:00,1.0,5.75,10:20:00,1.0,6.09,True,,,,False
10.835,12.74,8.8,9.85,170025420,2021-02-03 06:00:00,VXRT,2021-02-03,23.33,-53.55765109301328,17.581910475311485,18.78172588832487,10.9,12.74,10:20:00,1.0,8.8,09:50:00,1.0,9.88,10.9,11.33,09:35:00,1.0,9.12,09:30:00,1.0,9.88,9.9,12.74,10:20:00,1.0,8.8,09:50:00,1.0,9.88,,,0.10931174089068826,0.2894736842105262,True
14.2183,16.45,13.6,14.26,15788286,2021-03-25 05:00:00,WKEY,2021-03-25,20.52,-30.71003898635478,15.695969279027734,4.348621143174639,14.386,16.45,12:25:00,1.0,13.6,11:00:00,3.0,14.2,14.386,15.5882,09:45:00,1.0,13.77,09:35:00,1.0,14.628,14.685,16.45,12:25:00,1.0,13.6,11:00:00,3.0,14.2,,,0.07027618266338533,0.12455564670494935,True
4.45,4.75,4.295,4.32,1536975,2021-08-04 05:00:00,WKSP,2021-08-04,7.5,-40.66666666666666,6.741573033707861,3.483146067415736,4.51,4.75,11:55:00,5.0,4.295,10:25:00,2.0,4.5,4.51,4.65,09:30:00,1.0,4.41,09:45:00,1.0,4.46,4.46,4.75,11:55:00,5.0,4.295,10:25:00,2.0,4.5,,,0.036995515695067274,0.06502242152466368,True
11.7,11.7,11.25,11.41,2068869,2021-03-25 05:00:00,WMPN,2021-03-25,38.0,-69.21052631578948,0.0,3.846153846153841,11.65,11.7,10:50:00,1.0,11.25,10:55:00,1.0,11.41,,,,,,,,,11.65,11.7,10:50:00,1.0,11.25,10:55:00,1.0,11.41,True,,,,False
15.895,16.9,13.0,13.59,2531518,2021-02-02 06:00:00,YGMZ,2021-02-02,23.2,-31.48706896551724,6.322743000943687,18.21327461465869,15.01,16.9,10:00:00,1.0,13.0,09:45:00,1.0,13.6,15.01,16.45,09:30:00,1.0,13.0,09:45:00,1.0,14.7,14.5,16.9,10:00:00,1.0,13.0,09:45:00,1.0,13.6,,,0.11564625850340132,0.1496598639455782,False
1.4,1.77,1.32,1.41,13242931,2021-07-23 05:00:00,YQ,2021-07-23,2.3,-39.130434782608695,26.42857142857144,5.714285714285704,1.33,1.77,11:35:00,1.0,1.32,09:35:00,1.0,1.43,1.33,1.44,09:30:00,1.0,1.32,09:35:00,1.0,1.375,1.38,1.77,11:35:00,1.0,1.35,09:45:00,1.0,1.43,,,0.01818181818181812,0.2872727272727273,False
8.26,9.08,7.85,8.25,21721604,2021-08-04 05:00:00,ZY,2021-08-04,34.83,-76.28481194372668,9.927360774818403,4.963680387409203,8.11,9.08,10:25:00,1.0,7.85,09:45:00,1.0,8.19,8.11,8.49,09:30:00,1.0,7.85,09:45:00,1.0,8.049,8.05,9.08,10:25:00,1.0,7.85,09:45:00,1.0,8.19,,,0.024723568145111174,0.128090446018139,False
